ID,Bezeichnung,Konflikte,Muster SUB,Muster PART,Muster HG,A: Hauptgruppe,B: Hauptgruppe,A: subClassOf,B: subClassOf,A: partOf,B: partOf,A: Erläuterung,B: Erläuterung,ENTSCHEIDUNG (nur Ausnahmen),Kommentar C
11062,Halter für Hauptscheinwerfer,"SUB, PART",SUB-001,PART-004,,3 Karosserie,3 Karosserie,20003 „Beleuchtung / Elektrik vorne“,21004 „Leuchten-Anbau- & Ersatzkomponenten“,10206 Hauptfernscheinwerfer,10210 Hauptscheinwerfer,"Parent part auch 10210,10530, 10531",,,
11293,Hauptscheinwerfergehäuse,"SUB, PART",SUB-001,PART-004,,3 Karosserie,3 Karosserie,20003 „Beleuchtung / Elektrik vorne“,21004 „Leuchten-Anbau- & Ersatzkomponenten“,10206 Hauptfernscheinwerfer,10210 Hauptscheinwerfer,"Parent part auch 10210,10530, 10531",,,
11512,Kabelsatz für Fernscheinwerfer,"SUB, PART",SUB-001,PART-059,,3 Karosserie,3 Karosserie,20003 „Beleuchtung / Elektrik vorne“,21004 „Leuchten-Anbau- & Ersatzkomponenten“,— (leer),10207 Fernscheinwerfer,,,,
11513,Kabelsatz für Hauptscheinwerfer,"SUB, PART",SUB-001,PART-006,,3 Karosserie,3 Karosserie,20003 „Beleuchtung / Elektrik vorne“,21004 „Leuchten-Anbau- & Ersatzkomponenten“,— (leer),10210 Hauptscheinwerfer,,,,
10648,Kappe Hauptscheinwerfer,"SUB, PART",SUB-001,PART-004,,3 Karosserie,3 Karosserie,20003 „Beleuchtung / Elektrik vorne“,21004 „Leuchten-Anbau- & Ersatzkomponenten“,10206 Hauptfernscheinwerfer,10210 Hauptscheinwerfer,"Parent part auch 10210,10530, 10531",,,
11514,Kappe für Nebelscheinwerfer,SUB,SUB-001,,,3 Karosserie,3 Karosserie,20003 „Beleuchtung / Elektrik vorne“,21004 „Leuchten-Anbau- & Ersatzkomponenten“,10240 Nebelscheinwerfer,10240 Nebelscheinwerfer,,,,
11551,Lampenfassung für Hauptscheinwerfer,"SUB, PART",SUB-001,PART-004,,3 Karosserie,3 Karosserie,20003 „Beleuchtung / Elektrik vorne“,21004 „Leuchten-Anbau- & Ersatzkomponenten“,10206 Hauptfernscheinwerfer,10210 Hauptscheinwerfer,"Parent part auch 10210,10530, 10531",,,
11555,Lichtscheibe für Hauptscheinwerfer,"SUB, PART",SUB-001,PART-004,,3 Karosserie,3 Karosserie,20003 „Beleuchtung / Elektrik vorne“,21004 „Leuchten-Anbau- & Ersatzkomponenten“,10206 Hauptfernscheinwerfer,10210 Hauptscheinwerfer,"Parent part auch 10210,10530, 10531",,,
10234,Motor Klappscheinwerfer,"SUB, PART",SUB-001,PART-006,,3 Karosserie,3 Karosserie,20003 „Beleuchtung / Elektrik vorne“,21004 „Leuchten-Anbau- & Ersatzkomponenten“,— (leer),10210 Hauptscheinwerfer,,Antrieb Klappscheinwerfer,,
10236,Motor Leuchtweitenregulierung,"SUB, PART",SUB-001,PART-006,,3 Karosserie,3 Karosserie,20003 „Beleuchtung / Elektrik vorne“,21004 „Leuchten-Anbau- & Ersatzkomponenten“,— (leer),10210 Hauptscheinwerfer,,,,
11301,Nebelscheinwerferkappe,SUB,SUB-001,,,3 Karosserie,3 Karosserie,20003 „Beleuchtung / Elektrik vorne“,21004 „Leuchten-Anbau- & Ersatzkomponenten“,10240 Nebelscheinwerfer,10240 Nebelscheinwerfer,,,,
11294,Nebelscheinwerferrahmen,SUB,SUB-001,,,3 Karosserie,3 Karosserie,20003 „Beleuchtung / Elektrik vorne“,21004 „Leuchten-Anbau- & Ersatzkomponenten“,10240 Nebelscheinwerfer,10240 Nebelscheinwerfer,,,,
11603,Rahmen für Hauptscheinwerfer,"SUB, PART",SUB-001,PART-004,,3 Karosserie,3 Karosserie,20003 „Beleuchtung / Elektrik vorne“,21004 „Leuchten-Anbau- & Ersatzkomponenten“,10206 Hauptfernscheinwerfer,10210 Hauptscheinwerfer,"Parent part auch 10210,10530, 10531",,,
11604,Rahmen für Nebelscheinwerfer,SUB,SUB-001,,,3 Karosserie,3 Karosserie,20003 „Beleuchtung / Elektrik vorne“,21004 „Leuchten-Anbau- & Ersatzkomponenten“,10240 Nebelscheinwerfer,10240 Nebelscheinwerfer,,,,
11646,Scheinwerferaufnahme für Beleuchtung,"SUB, PART",SUB-001,PART-001,,3 Karosserie,3 Karosserie,20003 „Beleuchtung / Elektrik vorne“,21004 „Leuchten-Anbau- & Ersatzkomponenten“,— (leer),HG3 Karosserie,,karosserieseitige Aufnahme,,
10650,Scheinwerfereinsatz Fernscheinwerfer,SUB,SUB-001,,,3 Karosserie,3 Karosserie,20003 „Beleuchtung / Elektrik vorne“,21004 „Leuchten-Anbau- & Ersatzkomponenten“,10207 Fernscheinwerfer,10207 Fernscheinwerfer,,,,
10651,Scheinwerfereinsatz Hauptscheinwerfer,"SUB, PART",SUB-001,PART-004,,3 Karosserie,3 Karosserie,20003 „Beleuchtung / Elektrik vorne“,21004 „Leuchten-Anbau- & Ersatzkomponenten“,10206 Hauptfernscheinwerfer,10210 Hauptscheinwerfer,"Parent part auch 10210,10530, 10531",,,
10652,Scheinwerfereinsatz Nebelscheinwerfer,SUB,SUB-001,,,3 Karosserie,3 Karosserie,20003 „Beleuchtung / Elektrik vorne“,21004 „Leuchten-Anbau- & Ersatzkomponenten“,10240 Nebelscheinwerfer,10240 Nebelscheinwerfer,,,,
10752,Scheinwerfereinsatz für Suchscheinwerfer,SUB,SUB-001,,,3 Karosserie,3 Karosserie,20003 „Beleuchtung / Elektrik vorne“,21004 „Leuchten-Anbau- & Ersatzkomponenten“,— (leer),— (leer),,Suchscheinwerfer nicht als eigene Baugruppe vorhanden,,
10278,Scheinwerferglas,"SUB, PART",SUB-001,PART-031,,3 Karosserie,3 Karosserie,20003 „Beleuchtung / Elektrik vorne“,21004 „Leuchten-Anbau- & Ersatzkomponenten“,10651 Scheinwerfereinsatz Hauptscheinwerfer,10210 Hauptscheinwerfer,,Streuscheibe,,
10132,Scheinwerfertragrahmen,"SUB, PART",SUB-001,PART-001,,3 Karosserie,3 Karosserie,20003 „Beleuchtung / Elektrik vorne“,21004 „Leuchten-Anbau- & Ersatzkomponenten“,— (leer),HG3 Karosserie,,karosserieseitiger Tragrahmen (Frontmaske),,
10671,Stellelement für Leuchtweiteregulierung,"SUB, PART",SUB-001,PART-004,,3 Karosserie,3 Karosserie,20003 „Beleuchtung / Elektrik vorne“,21004 „Leuchten-Anbau- & Ersatzkomponenten“,10206 Hauptfernscheinwerfer,10210 Hauptscheinwerfer,"Parent part auch 10210,10530, 10531",,,
10647,Streuscheibe Fernscheinwerfer,"SUB, PART",SUB-001,PART-042,,3 Karosserie,3 Karosserie,20003 „Beleuchtung / Elektrik vorne“,21004 „Leuchten-Anbau- & Ersatzkomponenten“,10650 Scheinwerfereinsatz Fernscheinwerfer,10207 Fernscheinwerfer,,,,
10646,Streuscheibe Hauptscheinwerfer,"SUB, PART",SUB-001,PART-004,,3 Karosserie,3 Karosserie,20003 „Beleuchtung / Elektrik vorne“,21004 „Leuchten-Anbau- & Ersatzkomponenten“,10206 Hauptfernscheinwerfer,10210 Hauptscheinwerfer,"Parent part auch 10210,10530, 10531",,,
10649,Streuscheibe Nebelscheinwerfer,SUB,SUB-001,,,3 Karosserie,3 Karosserie,20003 „Beleuchtung / Elektrik vorne“,21004 „Leuchten-Anbau- & Ersatzkomponenten“,10240 Nebelscheinwerfer,10240 Nebelscheinwerfer,,,,
11734,Vorschaltgerät für Gasentladungslampe,"SUB, PART",SUB-001,PART-006,,3 Karosserie,3 Karosserie,20003 „Beleuchtung / Elektrik vorne“,21004 „Leuchten-Anbau- & Ersatzkomponenten“,— (leer),10210 Hauptscheinwerfer,,Xenon-Ballast,,
11840,Zündgerät Scheinwerfer,"SUB, PART",SUB-001,PART-006,,3 Karosserie,3 Karosserie,20003 „Beleuchtung / Elektrik vorne“,21004 „Leuchten-Anbau- & Ersatzkomponenten“,— (leer),10210 Hauptscheinwerfer,,Xenon-Zündgerät,,
10665,Gehäuse Heckleuchte,"SUB, PART",SUB-002,PART-010,,3 Karosserie,3 Karosserie,20013 „Beleuchtung / Elektrik hinten“,21004 „Leuchten-Anbau- & Ersatzkomponenten“,10859 Heckleuchtensatz,10260 Rückleuchte,,,,
11048,Gehäuse für Kennzeichenleuchte,SUB,SUB-002,,,3 Karosserie,3 Karosserie,20013 „Beleuchtung / Elektrik hinten“,21004 „Leuchten-Anbau- & Ersatzkomponenten“,10223 Kennzeichenleuchte,10223 Kennzeichenleuchte,,,,
11499,Halter für Heckleuchte,"SUB, PART",SUB-002,PART-010,,3 Karosserie,3 Karosserie,20013 „Beleuchtung / Elektrik hinten“,21004 „Leuchten-Anbau- & Ersatzkomponenten“,10859 Heckleuchtensatz,10260 Rückleuchte,,,,
10668,Lampenträger Bremsleuchte,SUB,SUB-002,,,3 Karosserie,3 Karosserie,20013 „Beleuchtung / Elektrik hinten“,21004 „Leuchten-Anbau- & Ersatzkomponenten“,10561 Bremsleuchte,10561 Bremsleuchte,,,,
10669,Lampenträger Heckleuchte,"SUB, PART",SUB-002,PART-010,,3 Karosserie,3 Karosserie,20013 „Beleuchtung / Elektrik hinten“,21004 „Leuchten-Anbau- & Ersatzkomponenten“,10859 Heckleuchtensatz,10260 Rückleuchte,,,,
10670,Lampenträger Schlußleuchte,"SUB, PART",SUB-002,PART-022,,3 Karosserie,3 Karosserie,20013 „Beleuchtung / Elektrik hinten“,21004 „Leuchten-Anbau- & Ersatzkomponenten“,— (leer),10260 Rückleuchte,,Schlussleuchte = Rückleuchte,,
10654,Lichtscheibe für Heckleuchte,"SUB, PART",SUB-002,PART-010,,3 Karosserie,3 Karosserie,20013 „Beleuchtung / Elektrik hinten“,21004 „Leuchten-Anbau- & Ersatzkomponenten“,10859 Heckleuchtensatz,10260 Rückleuchte,,,,
11556,Lichtscheibe für Kennzeichenleuchte,SUB,SUB-002,,,3 Karosserie,3 Karosserie,20013 „Beleuchtung / Elektrik hinten“,21004 „Leuchten-Anbau- & Ersatzkomponenten“,10223 Kennzeichenleuchte,10223 Kennzeichenleuchte,,,,
11558,Lichtscheibe für Rückfahrleuchte,SUB,SUB-002,,,3 Karosserie,3 Karosserie,20013 „Beleuchtung / Elektrik hinten“,21004 „Leuchten-Anbau- & Ersatzkomponenten“,10661 Rückfahrleuchte,10661 Rückfahrleuchte,,,,
11559,Lichtscheibe für Schlussleuchte,"SUB, PART",SUB-002,PART-022,,3 Karosserie,3 Karosserie,20013 „Beleuchtung / Elektrik hinten“,21004 „Leuchten-Anbau- & Ersatzkomponenten“,— (leer),10260 Rückleuchte,,,,
11476,Rückfahrleuchtengehäuse,SUB,SUB-002,,,3 Karosserie,3 Karosserie,20013 „Beleuchtung / Elektrik hinten“,21004 „Leuchten-Anbau- & Ersatzkomponenten“,10661 Rückfahrleuchte,10661 Rückfahrleuchte,,,,
10261,Rückleuchte Leiterplatte,SUB,SUB-002,,,3 Karosserie,3 Karosserie,20013 „Beleuchtung / Elektrik hinten“,21004 „Leuchten-Anbau- & Ersatzkomponenten“,10260 Rückleuchte,10260 Rückleuchte,,,,
11478,Rückleuchtengehäuse,SUB,SUB-002,,,3 Karosserie,3 Karosserie,20013 „Beleuchtung / Elektrik hinten“,21004 „Leuchten-Anbau- & Ersatzkomponenten“,10260 Rückleuchte,10260 Rückleuchte,,,,
10391,Stoßstange Grundausführung für Kunststoff SW/Grau mit Nebelscheinwerfer mit Spoiler,SUB,SUB-003,,,3 Karosserie,3 Karosserie,20000 „Stossfänger vorne / hinten“,10611 Stoßstange,— (leer),— (leer),,,,
10570,Stoßstange Grundausführung für Kunststoff SW/grau mit Nebelscheinwerfer ohne Spoiler,SUB,SUB-003,,,3 Karosserie,3 Karosserie,20000 „Stossfänger vorne / hinten“,10611 Stoßstange,— (leer),— (leer),,,,
10571,Stoßstange Grundausführung für Kunststoff SW/grau ohne Nebelscheinwerfer mit Spoiler,SUB,SUB-003,,,3 Karosserie,3 Karosserie,20000 „Stossfänger vorne / hinten“,10611 Stoßstange,— (leer),— (leer),,,,
10572,Stoßstange Grundausführung für Kunststoff SW/grau ohne Nebelscheinwerfer ohne Spoiler,SUB,SUB-003,,,3 Karosserie,3 Karosserie,20000 „Stossfänger vorne / hinten“,10611 Stoßstange,— (leer),— (leer),,,,
10573,Stoßstange teilgrundiert mit Nebelscheinwerfer mit Spoiler,SUB,SUB-003,,,3 Karosserie,3 Karosserie,20000 „Stossfänger vorne / hinten“,10611 Stoßstange,— (leer),— (leer),,,,
10574,Stoßstange teilgrundiert mit Nebelscheinwerfer ohne Spoiler,SUB,SUB-003,,,3 Karosserie,3 Karosserie,20000 „Stossfänger vorne / hinten“,10611 Stoßstange,— (leer),— (leer),,,,
10575,Stoßstange teilgrundiert ohne Nebelscheinwerfer mit Spoiler,SUB,SUB-003,,,3 Karosserie,3 Karosserie,20000 „Stossfänger vorne / hinten“,10611 Stoßstange,— (leer),— (leer),,,,
10576,Stoßstange teilgrundiert ohne Nebelscheinwerfer ohne Spoiler,SUB,SUB-003,,,3 Karosserie,3 Karosserie,20000 „Stossfänger vorne / hinten“,10611 Stoßstange,— (leer),— (leer),,,,
10577,Stoßstange teillackiert mit Nebelscheinwerfer mit Spoiler,SUB,SUB-003,,,3 Karosserie,3 Karosserie,20000 „Stossfänger vorne / hinten“,10611 Stoßstange,— (leer),— (leer),,,,
10578,Stoßstange teillackiert mit Nebelscheinwerfer ohne Spoiler,SUB,SUB-003,,,3 Karosserie,3 Karosserie,20000 „Stossfänger vorne / hinten“,10611 Stoßstange,— (leer),— (leer),,,,
10579,Stoßstange teillackiert ohne Nebelscheinwerfer mit Spoiler,SUB,SUB-003,,,3 Karosserie,3 Karosserie,20000 „Stossfänger vorne / hinten“,10611 Stoßstange,— (leer),— (leer),,,,
10580,Stoßstange teillackiert ohne Nebelscheinwerfer ohne Spoiler,SUB,SUB-003,,,3 Karosserie,3 Karosserie,20000 „Stossfänger vorne / hinten“,10611 Stoßstange,— (leer),— (leer),,,,
10340,Dach Cabrio,"SUB, PART",SUB-004,PART-001,,3 Karosserie,3 Karosserie,20005 „Karosserie Mitte aussen“,21019 „Dach- & Verdecksysteme“,— (leer),HG3 Karosserie,,abnehmbares/klappbares Dach (Hardtop/Verdeck),,
10342,Dach Targa,"SUB, PART",SUB-004,PART-001,,3 Karosserie,3 Karosserie,20005 „Karosserie Mitte aussen“,21019 „Dach- & Verdecksysteme“,— (leer),HG3 Karosserie,,,,
10634,Dach geschlossen,"SUB, PART",SUB-004,PART-002,,3 Karosserie,3 Karosserie,20005 „Karosserie Mitte aussen“,21019 „Dach- & Verdecksysteme“,— (leer),10676 Karosserie,,"festes Dachblech, Teil des Rohbaus",,
10341,Dach mit Sonnendachausschnitt,"SUB, PART",SUB-004,PART-002,,3 Karosserie,3 Karosserie,20005 „Karosserie Mitte aussen“,21019 „Dach- & Verdecksysteme“,— (leer),10676 Karosserie,,"Dachblech mit Ausschnitt, Teil des Rohbaus",,
10644,Deckel Verdeckkasten,"SUB, PART",SUB-004,PART-002,,3 Karosserie,3 Karosserie,20005 „Karosserie Mitte aussen“,21019 „Dach- & Verdecksysteme“,— (leer),10676 Karosserie,,Verdeckkasten karosserieseitig,,
10344,Faltdach,"SUB, PART",SUB-004,PART-001,,3 Karosserie,3 Karosserie,20005 „Karosserie Mitte aussen“,21019 „Dach- & Verdecksysteme“,— (leer),HG3 Karosserie,,,,
11260,Getriebe Schiebedach,"SUB, PART",SUB-004,PART-012,,3 Karosserie,3 Karosserie,20005 „Karosserie Mitte aussen“,21019 „Dach- & Verdecksysteme“,— (leer),10133 Schiebedach,,,,
11880,Panoramadach,"SUB, PART",SUB-004,PART-001,,3 Karosserie,3 Karosserie,20005 „Karosserie Mitte aussen“,21019 „Dach- & Verdecksysteme“,— (leer),HG3 Karosserie,,,,
10133,Schiebedach,"SUB, PART",SUB-004,PART-001,,3 Karosserie,3 Karosserie,20005 „Karosserie Mitte aussen“,21019 „Dach- & Verdecksysteme“,— (leer),HG3 Karosserie,,,,
10134,Schiebedachdeckel,"SUB, PART",SUB-004,PART-012,,3 Karosserie,3 Karosserie,20005 „Karosserie Mitte aussen“,21019 „Dach- & Verdecksysteme“,— (leer),10133 Schiebedach,,,,
12065,Verdeckbezug,"SUB, PART",SUB-004,PART-009,,3 Karosserie,3 Karosserie,20005 „Karosserie Mitte aussen“,21019 „Dach- & Verdecksysteme“,10340 Dach Cabrio,10344 Faltdach,,,,
11326,Abbiegelicht,"SUB, PART",SUB-005,PART-051,,3 Karosserie,3 Karosserie,20003 „Beleuchtung / Elektrik vorne“,21002 „Scheinwerfer & Frontleuchten“,10206 Hauptfernscheinwerfer,HG3 Karosserie,"Parent part auch 10210,10530, 10531",,,
10207,Fernscheinwerfer,"SUB, PART",SUB-005,PART-001,,3 Karosserie,3 Karosserie,20003 „Beleuchtung / Elektrik vorne“,21002 „Scheinwerfer & Frontleuchten“,— (leer),HG3 Karosserie,,,,
10206,Hauptfernscheinwerfer,"SUB, PART",SUB-005,PART-001,,3 Karosserie,3 Karosserie,20003 „Beleuchtung / Elektrik vorne“,21002 „Scheinwerfer & Frontleuchten“,— (leer),HG3 Karosserie,,kombinierter Haupt-/Fernscheinwerfer,,
10210,Hauptscheinwerfer,"SUB, PART",SUB-005,PART-001,,3 Karosserie,3 Karosserie,20003 „Beleuchtung / Elektrik vorne“,21002 „Scheinwerfer & Frontleuchten“,— (leer),HG3 Karosserie,,,,
10240,Nebelscheinwerfer,"SUB, PART",SUB-005,PART-030,,3 Karosserie,3 Karosserie,20003 „Beleuchtung / Elektrik vorne“,21002 „Scheinwerfer & Frontleuchten“,11084 Nebelscheinwerfersatz,HG3 Karosserie,,,,
10281,Stand-/Blinkleuchte,"SUB, PART",SUB-005,PART-001,,3 Karosserie,3 Karosserie,20003 „Beleuchtung / Elektrik vorne“,21002 „Scheinwerfer & Frontleuchten“,— (leer),HG3 Karosserie,,Kombileuchte front,,
10283,Standleuchte,"SUB, PART",SUB-005,PART-001,,3 Karosserie,3 Karosserie,20003 „Beleuchtung / Elektrik vorne“,21002 „Scheinwerfer & Frontleuchten“,— (leer),HG3 Karosserie,,,,
11315,Tagfahrleuchte,"SUB, PART",SUB-005,PART-049,,3 Karosserie,3 Karosserie,20003 „Beleuchtung / Elektrik vorne“,21002 „Scheinwerfer & Frontleuchten“,11320 Tagfahrleuchtensatz,HG3 Karosserie,,,,
10679,Umrüstsatz Scheinwerfer,SUB,SUB-005,,,3 Karosserie,3 Karosserie,20003 „Beleuchtung / Elektrik vorne“,21002 „Scheinwerfer & Frontleuchten“,— (leer),— (leer),,"Umbau-Set, kein Einzelteil",,
10561,Bremsleuchte,"SUB, PART",SUB-006,PART-001,,3 Karosserie,3 Karosserie,20013 „Beleuchtung / Elektrik hinten“,"21003 „Heck-, Blink- & Signalleuchten“",— (leer),HG3 Karosserie,,,,
10223,Kennzeichenleuchte,"SUB, PART",SUB-006,PART-001,,3 Karosserie,3 Karosserie,20013 „Beleuchtung / Elektrik hinten“,"21003 „Heck-, Blink- & Signalleuchten“",— (leer),HG3 Karosserie,,,,
10241,Nebelschlussleuchte,"SUB, PART",SUB-006,PART-001,,3 Karosserie,3 Karosserie,20013 „Beleuchtung / Elektrik hinten“,"21003 „Heck-, Blink- & Signalleuchten“",— (leer),HG3 Karosserie,,,,
10661,Rückfahrleuchte,"SUB, PART",SUB-006,PART-001,,3 Karosserie,3 Karosserie,20013 „Beleuchtung / Elektrik hinten“,"21003 „Heck-, Blink- & Signalleuchten“",— (leer),HG3 Karosserie,,,,
10260,Rückleuchte,"SUB, PART",SUB-006,PART-001,,3 Karosserie,3 Karosserie,20013 „Beleuchtung / Elektrik hinten“,"21003 „Heck-, Blink- & Signalleuchten“",— (leer),HG3 Karosserie,,,,
10262,Rückleuchtenband,"SUB, PART",SUB-006,PART-001,,3 Karosserie,3 Karosserie,20013 „Beleuchtung / Elektrik hinten“,"21003 „Heck-, Blink- & Signalleuchten“",— (leer),HG3 Karosserie,,durchgehendes Heckleuchtenband,,
11302,Rückstrahler,"SUB, PART",SUB-006,PART-001,,3 Karosserie,3 Karosserie,20013 „Beleuchtung / Elektrik hinten“,"21003 „Heck-, Blink- & Signalleuchten“",— (leer),HG3 Karosserie,,passiver Reflektor,,
11223,Zusatzbremsleuchte,"SUB, PART",SUB-006,PART-001,,3 Karosserie,3 Karosserie,20013 „Beleuchtung / Elektrik hinten“,"21003 „Heck-, Blink- & Signalleuchten“",— (leer),HG3 Karosserie,,,,
10586,Außenspiegel elektrisch Standard,SUB,SUB-007,,,3 Karosserie,3 Karosserie,20005 „Karosserie Mitte aussen“,10609 Außenspiegel,— (leer),— (leer),,,,
10585,Außenspiegel elektrisch grundiert,SUB,SUB-007,,,3 Karosserie,3 Karosserie,20005 „Karosserie Mitte aussen“,10609 Außenspiegel,— (leer),— (leer),,,,
10362,Außenspiegel elektrisch lackiert,"SUB, PART",SUB-007,PART-032,,3 Karosserie,3 Karosserie,20005 „Karosserie Mitte aussen“,10609 Außenspiegel,10609 Außenspiegel,— (leer),,,,
10584,Außenspiegel elektrisch teilgrundiert,SUB,SUB-007,,,3 Karosserie,3 Karosserie,20005 „Karosserie Mitte aussen“,10609 Außenspiegel,— (leer),— (leer),,,,
10605,Außenspiegel mechanisch Standard,SUB,SUB-007,,,3 Karosserie,3 Karosserie,20005 „Karosserie Mitte aussen“,10609 Außenspiegel,— (leer),— (leer),,,,
10604,Außenspiegel mechanisch grundiert,SUB,SUB-007,,,3 Karosserie,3 Karosserie,20005 „Karosserie Mitte aussen“,10609 Außenspiegel,— (leer),— (leer),,,,
10602,Außenspiegel mechanisch lackiert,SUB,SUB-007,,,3 Karosserie,3 Karosserie,20005 „Karosserie Mitte aussen“,10609 Außenspiegel,— (leer),— (leer),,,,
10603,Außenspiegel mechanisch teilgrundiert,SUB,SUB-007,,,3 Karosserie,3 Karosserie,20005 „Karosserie Mitte aussen“,10609 Außenspiegel,— (leer),— (leer),,,,
10365,Blende Kotflügel,SUB,SUB-008,,,3 Karosserie,3 Karosserie,20001 „Karosserie vorne Aussen“,"21016 „Zier- & Schutzleisten, Blenden, Embleme“",10610 Kotflügel,10610 Kotflügel,"Parent Part no ist auch 10350, 10567-10569",,,
10366,Blende Kühlergrill,SUB,SUB-008,,,3 Karosserie,3 Karosserie,20001 „Karosserie vorne Aussen“,"21016 „Zier- & Schutzleisten, Blenden, Embleme“",10379 Kühlergrill,10379 Kühlergrill,,,,
10378,Kotflügelverbreiterung,SUB,SUB-008,,,3 Karosserie,3 Karosserie,20001 „Karosserie vorne Aussen“,"21016 „Zier- & Schutzleisten, Blenden, Embleme“",10610 Kotflügel,10610 Kotflügel,"Parent Part no ist auch 10350, 10567-10569",,,
10383,Schutzleiste Kotflügel,SUB,SUB-008,,,3 Karosserie,3 Karosserie,20001 „Karosserie vorne Aussen“,"21016 „Zier- & Schutzleisten, Blenden, Embleme“",10610 Kotflügel,10610 Kotflügel,"Parent Part no ist auch 10350, 10567-10569",,,
10666,Verbreiterungssatz Kotflügel,"SUB, PART",SUB-008,PART-013,,3 Karosserie,3 Karosserie,20001 „Karosserie vorne Aussen“,"21016 „Zier- & Schutzleisten, Blenden, Embleme“",— (leer),10610 Kotflügel,,Satz Kotflügelverbreiterungen,,
10801,Zier-/Schutzleiste für Frontverkleidung,"SUB, PART",SUB-008,PART-043,,3 Karosserie,3 Karosserie,20001 „Karosserie vorne Aussen“,"21016 „Zier- & Schutzleisten, Blenden, Embleme“",— (leer),10373 Frontverkleidung,,,,
11313,Zier-/Schutzleistensatz für Kühlergitter,"SUB, PART",SUB-008,PART-015,,3 Karosserie,3 Karosserie,20001 „Karosserie vorne Aussen“,"21016 „Zier- & Schutzleisten, Blenden, Embleme“",— (leer),10379 Kühlergrill,,Satz,,
10405,Ziergitter,"SUB, PART",SUB-008,PART-001,,3 Karosserie,3 Karosserie,20001 „Karosserie vorne Aussen“,"21016 „Zier- & Schutzleisten, Blenden, Embleme“",— (leer),HG3 Karosserie,,,,
10656,Glühlampe Hauptscheinwerfer,"SUB, PART",SUB-009,PART-004,,3 Karosserie,3 Karosserie,20003 „Beleuchtung / Elektrik vorne“,21001 „Leuchtmittel (Glühlampen & Brenner)“,10206 Hauptfernscheinwerfer,10210 Hauptscheinwerfer,"Parent part auch 10210,10530, 10531",,,
11770,Glühlampe Xenon,"SUB, PART",SUB-009,PART-006,,3 Karosserie,3 Karosserie,20003 „Beleuchtung / Elektrik vorne“,21001 „Leuchtmittel (Glühlampen & Brenner)“,— (leer),10210 Hauptscheinwerfer,,Xenon-Brenner im Hauptscheinwerfer,,
11485,Glühlampe für Fernscheinwerfer,SUB,SUB-009,,,3 Karosserie,3 Karosserie,20003 „Beleuchtung / Elektrik vorne“,21001 „Leuchtmittel (Glühlampen & Brenner)“,10207 Fernscheinwerfer,10207 Fernscheinwerfer,,,,
11053,Glühlampe für Hauptlichtschalter,"SUB, PART",SUB-009,PART-023,,3 Karosserie,3 Karosserie,20003 „Beleuchtung / Elektrik vorne“,21001 „Leuchtmittel (Glühlampen & Brenner)“,10206 Hauptfernscheinwerfer,— (leer),"Parent part auch 10210,10530, 10531",Schalterbeleuchtung (eigentlich Innenraum); systematisch bei Leuchtmitteln belassen,,
11058,Glühlampe für Nebelscheinwerfer,SUB,SUB-009,,,3 Karosserie,3 Karosserie,20003 „Beleuchtung / Elektrik vorne“,21001 „Leuchtmittel (Glühlampen & Brenner)“,10240 Nebelscheinwerfer,10240 Nebelscheinwerfer,,,,
11059,Glühlampe für Park-/Positionsleuchte,"SUB, PART",SUB-009,PART-046,,3 Karosserie,3 Karosserie,20003 „Beleuchtung / Elektrik vorne“,21001 „Leuchtmittel (Glühlampen & Brenner)“,— (leer),10247 Parkleuchte,,Parkleuchte als nächstliegende Baugruppe,,
11487,Glühlampe für Positions-/Begrenzungsleuchte,"SUB, PART",SUB-009,PART-058,,3 Karosserie,3 Karosserie,20003 „Beleuchtung / Elektrik vorne“,21001 „Leuchtmittel (Glühlampen & Brenner)“,— (leer),10662 Begrenzungsleuchte,,,,
11489,Glühlampe für Tagfahrleuchte,SUB,SUB-009,,,3 Karosserie,3 Karosserie,20003 „Beleuchtung / Elektrik vorne“,21001 „Leuchtmittel (Glühlampen & Brenner)“,11315 Tagfahrleuchte,11315 Tagfahrleuchte,,,,
10657,Glühlampe Kennzeichenleuchte,SUB,SUB-010,,,3 Karosserie,3 Karosserie,20013 „Beleuchtung / Elektrik hinten“,21001 „Leuchtmittel (Glühlampen & Brenner)“,10223 Kennzeichenleuchte,10223 Kennzeichenleuchte,,,,
10658,Glühlampe Nebelschlußleuchte,SUB,SUB-010,,,3 Karosserie,3 Karosserie,20013 „Beleuchtung / Elektrik hinten“,21001 „Leuchtmittel (Glühlampen & Brenner)“,10241 Nebelschlussleuchte,10241 Nebelschlussleuchte,,,,
11052,Glühlampe für Brems-/Schlusslicht,"SUB, PART",SUB-010,PART-045,,3 Karosserie,3 Karosserie,20013 „Beleuchtung / Elektrik hinten“,21001 „Leuchtmittel (Glühlampen & Brenner)“,10561 Bremsleuchte,10260 Rückleuchte,,Zweifadenlampe der Kombileuchte,,
11484,Glühlampe für Bremsleuchte,SUB,SUB-010,,,3 Karosserie,3 Karosserie,20013 „Beleuchtung / Elektrik hinten“,21001 „Leuchtmittel (Glühlampen & Brenner)“,10561 Bremsleuchte,10561 Bremsleuchte,,,,
11486,Glühlampe für Kofferraumleuchte,SUB,SUB-010,,,3 Karosserie,3 Karosserie,20013 „Beleuchtung / Elektrik hinten“,21001 „Leuchtmittel (Glühlampen & Brenner)“,11070 Kofferraumleuchte,11070 Kofferraumleuchte,,,,
11060,Glühlampe für Rückfahrleuchte,SUB,SUB-010,,,3 Karosserie,3 Karosserie,20013 „Beleuchtung / Elektrik hinten“,21001 „Leuchtmittel (Glühlampen & Brenner)“,10661 Rückfahrleuchte,10661 Rückfahrleuchte,,,,
11488,Glühlampe für Rückleuchte,SUB,SUB-010,,,3 Karosserie,3 Karosserie,20013 „Beleuchtung / Elektrik hinten“,21001 „Leuchtmittel (Glühlampen & Brenner)“,10260 Rückleuchte,10260 Rückleuchte,,,,
11490,Glühlampe für Zusatzbremsleuchte,SUB,SUB-010,,,3 Karosserie,3 Karosserie,20013 „Beleuchtung / Elektrik hinten“,21001 „Leuchtmittel (Glühlampen & Brenner)“,11223 Zusatzbremsleuchte,11223 Zusatzbremsleuchte,,,,
11632,Rollenführung für Schiebetür,"SUB, PART",SUB-011,PART-026,,3 Karosserie,3 Karosserie,20009 „Türen“,21008 „Anbau- & Mechanikteile für Türen und Klappen“,— (leer),10352 Schiebetür,,,,
10167,Türbremse,SUB,SUB-011,,,3 Karosserie,3 Karosserie,20009 „Türen“,21008 „Anbau- & Mechanikteile für Türen und Klappen“,10355 Tür,10355 Tür,,ältere Bezeichnung für Türfeststeller,,
10168,Türfeststeller,SUB,SUB-011,,,3 Karosserie,3 Karosserie,20009 „Türen“,21008 „Anbau- & Mechanikteile für Türen und Klappen“,10355 Tür,10355 Tür,,,,
10397,Türgriff,SUB,SUB-011,,,3 Karosserie,3 Karosserie,20009 „Türen“,21008 „Anbau- & Mechanikteile für Türen und Klappen“,10355 Tür,10355 Tür,,,,
11136,Türgriffbetätigung,"SUB, PART",SUB-011,PART-018,,3 Karosserie,3 Karosserie,20009 „Türen“,21008 „Anbau- & Mechanikteile für Türen und Klappen“,10355 Tür,10397 Türgriff,,,,
11710,Türgriffrahmen,"SUB, PART",SUB-011,PART-018,,3 Karosserie,3 Karosserie,20009 „Türen“,21008 „Anbau- & Mechanikteile für Türen und Klappen“,10355 Tür,10397 Türgriff,,,,
11137,Türscharnier,SUB,SUB-011,,,3 Karosserie,3 Karosserie,20009 „Türen“,21008 „Anbau- & Mechanikteile für Türen und Klappen“,10355 Tür,10355 Tür,,,,
10625,Felge Alu,"SUB, PART",SUB-012,PART-041,,1 Unterboden,1 Unterboden,30000 „Fahrwerk/ Lenkung“,21024 „Räder & Bereifung“,10623 Alufelgen Satz,— (leer),HG: Räder ordnet man sinnvollerweise dem Fahrwerk / Unterboden zu,"HG: Rad/Reifen ist Fahrwerksteil, kein Karosserieteil; Zuordnung zu Unterboden (Achsen/Fahrwerk)",,
10498,Felge Stahl,"SUB, PART",SUB-012,PART-007,,1 Unterboden,1 Unterboden,30000 „Fahrwerk/ Lenkung“,21024 „Räder & Bereifung“,11261 Kompletträder,— (leer),HG: Räder ordnet man sinnvollerweise dem Fahrwerk / Unterboden zu,"HG: Rad/Reifen ist Fahrwerksteil, kein Karosserieteil; Zuordnung zu Unterboden (Achsen/Fahrwerk)",,
11261,Kompletträder,SUB,SUB-012,,,1 Unterboden,1 Unterboden,30000 „Fahrwerk/ Lenkung“,21024 „Räder & Bereifung“,— (leer),— (leer),HG: Räder ordnet man sinnvollerweise dem Fahrwerk / Unterboden zu,"HG: Rad/Reifen ist Fahrwerksteil, kein Karosserieteil; Zuordnung zu Unterboden (Achsen/Fahrwerk)",,
11334,Radmutternsatz,SUB,SUB-012,,,1 Unterboden,1 Unterboden,30000 „Fahrwerk/ Lenkung“,21024 „Räder & Bereifung“,— (leer),— (leer),HG: Räder ordnet man sinnvollerweise dem Fahrwerk / Unterboden zu,"HG: Rad/Reifen ist Fahrwerksteil, kein Karosserieteil; Zuordnung zu Unterboden (Achsen/Fahrwerk)",,
10517,Reifen,"SUB, PART",SUB-012,PART-007,,1 Unterboden,1 Unterboden,30000 „Fahrwerk/ Lenkung“,21024 „Räder & Bereifung“,11261 Kompletträder,— (leer),HG: Räder ordnet man sinnvollerweise dem Fahrwerk / Unterboden zu,"HG: Rad/Reifen ist Fahrwerksteil, kein Karosserieteil; Zuordnung zu Unterboden (Achsen/Fahrwerk)",,
10518,Reifen auf Alufelge,"SUB, PART",SUB-012,PART-007,,1 Unterboden,1 Unterboden,30000 „Fahrwerk/ Lenkung“,21024 „Räder & Bereifung“,11261 Kompletträder,— (leer),HG: Räder ordnet man sinnvollerweise dem Fahrwerk / Unterboden zu,"HG: Rad/Reifen ist Fahrwerksteil, kein Karosserieteil; Zuordnung zu Unterboden (Achsen/Fahrwerk) | montiertes Komplettrad (Alufelge)",,
10519,Reifen auf Stahlfelge,"SUB, PART",SUB-012,PART-007,,1 Unterboden,1 Unterboden,30000 „Fahrwerk/ Lenkung“,21024 „Räder & Bereifung“,11261 Kompletträder,— (leer),HG: Räder ordnet man sinnvollerweise dem Fahrwerk / Unterboden zu,"HG: Rad/Reifen ist Fahrwerksteil, kein Karosserieteil; Zuordnung zu Unterboden (Achsen/Fahrwerk) | montiertes Komplettrad (Stahlfelge)",,
10037,Fanghaken Klappe,"SUB, PART",SUB-013,PART-005,,3 Karosserie,3 Karosserie,20002 „Karosserie vorne Innen“,21009 „Schließsystem & Fahrzeugzugang“,— (leer),10351 Motorhaube,,Sicherungshaken der Motorhaube,,
10067,Klappenschlosszug,"SUB, PART",SUB-013,PART-005,,3 Karosserie,3 Karosserie,20002 „Karosserie vorne Innen“,21009 „Schließsystem & Fahrzeugzugang“,— (leer),10351 Motorhaube,,Syn. Betätigungszug Motorhaube,,
10110,Motorhaubenzug,"SUB, PART",SUB-013,PART-005,,3 Karosserie,3 Karosserie,20002 „Karosserie vorne Innen“,21009 „Schließsystem & Fahrzeugzugang“,— (leer),10351 Motorhaube,,Entriegelungszug,,
10135,Schließbolzen,SUB,SUB-013,,,3 Karosserie,3 Karosserie,20002 „Karosserie vorne Innen“,21009 „Schließsystem & Fahrzeugzugang“,— (leer),— (leer),,"Schlosskomponente, Einbauort unspezifisch",,
10136,Schließplatte,SUB,SUB-013,,,3 Karosserie,3 Karosserie,20002 „Karosserie vorne Innen“,21009 „Schließsystem & Fahrzeugzugang“,— (leer),— (leer),,"Schließblech, Einbauort unspezifisch",,
10144,Schloss Motorhaube,"SUB, PART",SUB-013,PART-005,,3 Karosserie,3 Karosserie,20002 „Karosserie vorne Innen“,21009 „Schließsystem & Fahrzeugzugang“,— (leer),10351 Motorhaube,,,,
11355,Anhängebock für Anhängevorrichtung,"SUB, PART",SUB-014,PART-011,,3 Karosserie,3 Karosserie,20011 „Karosserie hinten aussen“,21022 „Anhängevorrichtung & Zubehör“,— (leer),11234 Anhängerkupplung,,,,
11234,Anhängerkupplung,"HG, SUB, PART",SUB-014,PART-001,HG-001,5 Sonstige,3 Karosserie,20011 „Karosserie hinten aussen“,21022 „Anhängevorrichtung & Zubehör“,— (leer),HG3 Karosserie,HG: Klassisches Zubehörteil,,,
11360,Anschraubplatte für Anhängevorrichtung,"SUB, PART",SUB-014,PART-011,,3 Karosserie,3 Karosserie,20011 „Karosserie hinten aussen“,21022 „Anhängevorrichtung & Zubehör“,— (leer),11234 Anhängerkupplung,,,,
10562,E-Satz (Anhängerkupplung),"HG, SUB, PART",SUB-014,PART-038,HG-001,5 Sonstige,3 Karosserie,20011 „Karosserie hinten aussen“,21022 „Anhängevorrichtung & Zubehör“,10593 Anhängerkupplung mit E-Satz nicht abnehmbar,11234 Anhängerkupplung,HG: Klassisches Zubehörteil | Parent Part no ist auch 10361,Elektroinstallation der AHK,,
10088,Kugelkopf Anhängerkupplung,"HG, SUB, PART",SUB-014,PART-011,HG-001,5 Sonstige,3 Karosserie,20011 „Karosserie hinten aussen“,21022 „Anhängevorrichtung & Zubehör“,— (leer),11234 Anhängerkupplung,HG: Klassisches Zubehörteil,,,
11298,Trittbrettstufe für Anhängevorrichtung,"SUB, PART",SUB-014,PART-011,,3 Karosserie,3 Karosserie,20011 „Karosserie hinten aussen“,21022 „Anhängevorrichtung & Zubehör“,— (leer),11234 Anhängerkupplung,,,,
11475,Blinkergehäuse,SUB,SUB-015,,,3 Karosserie,3 Karosserie,— (leer),21004 „Leuchten-Anbau- & Ersatzkomponenten“,10192 Blinker,10192 Blinker,,,,
10667,Lampenträger Blinkleuchte,SUB,SUB-015,,,3 Karosserie,3 Karosserie,— (leer),21004 „Leuchten-Anbau- & Ersatzkomponenten“,10192 Blinker,10192 Blinker,,,,
10653,Lichtscheibe für Blinkleuchte,SUB,SUB-015,,,3 Karosserie,3 Karosserie,— (leer),21004 „Leuchten-Anbau- & Ersatzkomponenten“,10192 Blinker,10192 Blinker,,,,
11557,Lichtscheibe für Positionsleuchte,"SUB, PART",SUB-015,PART-060,,3 Karosserie,3 Karosserie,— (leer),21004 „Leuchten-Anbau- & Ersatzkomponenten“,10662 Begrenzungsleuchte,10283 Standleuchte,,Positionsleuchte = Standleuchte,,
11605,Reflektor für Blinkleuchte,SUB,SUB-015,,,3 Karosserie,3 Karosserie,— (leer),21004 „Leuchten-Anbau- & Ersatzkomponenten“,10192 Blinker,10192 Blinker,,,,
11314,Reflektor für Positions-/Begrenzungsleuchte,SUB,SUB-015,,,3 Karosserie,3 Karosserie,— (leer),21004 „Leuchten-Anbau- & Ersatzkomponenten“,10662 Begrenzungsleuchte,10662 Begrenzungsleuchte,,,,
11805,Elektro-Seilwinde,"SUB, PART",SUB-016,PART-001,,3 Karosserie,3 Karosserie,20011 „Karosserie hinten aussen“,21026 „Nutzfahrzeug-Aufbauten & Anbaugeräte“,— (leer),HG3 Karosserie,,Anbaugerät Frontbereich,,
11809,Heckleiter,"SUB, PART",SUB-016,PART-001,,3 Karosserie,3 Karosserie,20011 „Karosserie hinten aussen“,21026 „Nutzfahrzeug-Aufbauten & Anbaugeräte“,— (leer),HG3 Karosserie,,Aufstiegsleiter (Nfz/Reisemobil),,
11811,Hydro-Seilwinde komplett,"SUB, PART",SUB-016,PART-001,,3 Karosserie,3 Karosserie,20011 „Karosserie hinten aussen“,21026 „Nutzfahrzeug-Aufbauten & Anbaugeräte“,— (leer),HG3 Karosserie,,,,
11813,Konsole Seilwinde,"SUB, PART",SUB-016,PART-001,,3 Karosserie,3 Karosserie,20011 „Karosserie hinten aussen“,21026 „Nutzfahrzeug-Aufbauten & Anbaugeräte“,— (leer),HG3 Karosserie,,,,
11266,Ladebordwand,"SUB, PART",SUB-016,PART-001,,3 Karosserie,3 Karosserie,20011 „Karosserie hinten aussen“,21026 „Nutzfahrzeug-Aufbauten & Anbaugeräte“,— (leer),HG3 Karosserie,,Nfz-Bordwand/Ladeklappe,,
11755,Pritschenaufbau komplett,"SUB, PART",SUB-016,PART-001,,3 Karosserie,3 Karosserie,20011 „Karosserie hinten aussen“,21026 „Nutzfahrzeug-Aufbauten & Anbaugeräte“,— (leer),HG3 Karosserie,,,,
10359,Abdeckung Außenspiegel,SUB,SUB-017,,,3 Karosserie,3 Karosserie,20005 „Karosserie Mitte aussen“,21027 „Außenverkleidungen & Abdeckungen“,10609 Außenspiegel,10609 Außenspiegel,"Parent Part auch 10584-10586, 10602-10605",,,
11658,Schwellerverkleidung,"SUB, PART",SUB-017,PART-001,,3 Karosserie,3 Karosserie,20005 „Karosserie Mitte aussen“,21027 „Außenverkleidungen & Abdeckungen“,— (leer),HG3 Karosserie,,,,
10684,Verkleidung Dachabschluss,"SUB, PART",SUB-017,PART-001,,3 Karosserie,3 Karosserie,20005 „Karosserie Mitte aussen“,21027 „Außenverkleidungen & Abdeckungen“,— (leer),HG3 Karosserie,,,,
10685,Verkleidung Dachrahmen,"SUB, PART",SUB-017,PART-001,,3 Karosserie,3 Karosserie,20005 „Karosserie Mitte aussen“,21027 „Außenverkleidungen & Abdeckungen“,— (leer),HG3 Karosserie,,,,
10686,Verkleidung Schweller,"SUB, PART",SUB-017,PART-001,,3 Karosserie,3 Karosserie,20005 „Karosserie Mitte aussen“,21027 „Außenverkleidungen & Abdeckungen“,— (leer),HG3 Karosserie,,,,
10611,Stoßstange,"SUB, PART",SUB-018,PART-001,,3 Karosserie,3 Karosserie,20000 „Stossfänger vorne / hinten“,21012 „Stoßfängersystem“,— (leer),HG3 Karosserie,,,,
10392,Stoßstangenabdeckung,"SUB, PART",SUB-018,PART-003,,3 Karosserie,3 Karosserie,20000 „Stossfänger vorne / hinten“,21012 „Stoßfängersystem“,10570 Stoßstange Grundausführung für Kunststoff SW/grau mit Nebelscheinwerfer ohne Spoiler,10611 Stoßstange,"Parent Part no ist auch 10571-10580, 10611",,,
10394,Stoßstangenecke,"SUB, PART",SUB-018,PART-003,,3 Karosserie,3 Karosserie,20000 „Stossfänger vorne / hinten“,21012 „Stoßfängersystem“,10570 Stoßstange Grundausführung für Kunststoff SW/grau mit Nebelscheinwerfer ohne Spoiler,10611 Stoßstange,"Parent Part no ist auch 10571-10580, 10611",,,
10396,Stoßstangenträger,"SUB, PART",SUB-018,PART-002,,3 Karosserie,3 Karosserie,20000 „Stossfänger vorne / hinten“,21012 „Stoßfängersystem“,— (leer),10676 Karosserie,,Querträger des Stoßfängersystems,,
11712,Umrüstsatz Stoßfänger,SUB,SUB-018,,,3 Karosserie,3 Karosserie,20000 „Stossfänger vorne / hinten“,21012 „Stoßfängersystem“,— (leer),— (leer),,Umbau-Set,,
11009,Clip für Stoßfänger,"SUB, PART",SUB-019,PART-003,,3 Karosserie,3 Karosserie,20000 „Stossfänger vorne / hinten“,21025 „Karosserie-Befestigungs- & Kleinteile“,10570 Stoßstange Grundausführung für Kunststoff SW/grau mit Nebelscheinwerfer ohne Spoiler,10611 Stoßstange,"Parent Part no is auch 10571-10580, 10611",,,
11311,Haltersatz für Stoßfänger,"SUB, PART",SUB-019,PART-024,,3 Karosserie,3 Karosserie,20000 „Stossfänger vorne / hinten“,21025 „Karosserie-Befestigungs- & Kleinteile“,— (leer),10611 Stoßstange,,,,
11581,Montagesatz für Stoßfänger,"SUB, PART",SUB-019,PART-024,,3 Karosserie,3 Karosserie,20000 „Stossfänger vorne / hinten“,21025 „Karosserie-Befestigungs- & Kleinteile“,— (leer),10611 Stoßstange,,,,
10393,Stoßstangenbefestigung,"SUB, PART",SUB-019,PART-003,,3 Karosserie,3 Karosserie,20000 „Stossfänger vorne / hinten“,21025 „Karosserie-Befestigungs- & Kleinteile“,10570 Stoßstange Grundausführung für Kunststoff SW/grau mit Nebelscheinwerfer ohne Spoiler,10611 Stoßstange,"Parent Part no ist auch 10571-10580, 10611",,,
10395,Stoßstangenhalter,"SUB, PART",SUB-019,PART-003,,3 Karosserie,3 Karosserie,20000 „Stossfänger vorne / hinten“,21025 „Karosserie-Befestigungs- & Kleinteile“,10570 Stoßstange Grundausführung für Kunststoff SW/grau mit Nebelscheinwerfer ohne Spoiler,10611 Stoßstange,"Parent Part no ist auch 10571-10580, 10611",,,
10023,Dämpfer Hecktür,"SUB, PART",SUB-020,PART-027,,3 Karosserie,3 Karosserie,20014 „Hecktür/ Klappe/ Kofferdeckel“,21008 „Anbau- & Mechanikteile für Türen und Klappen“,— (leer),10349 Hecktür,,,,
10377,Heckklappendämpfer,"SUB, PART",SUB-020,PART-008,,3 Karosserie,3 Karosserie,20014 „Hecktür/ Klappe/ Kofferdeckel“,21008 „Anbau- & Mechanikteile für Türen und Klappen“,— (leer),10347 Heckklappe / Heckdeckel,,,,
11065,Heckklappengriff,SUB,SUB-020,,,3 Karosserie,3 Karosserie,20014 „Hecktür/ Klappe/ Kofferdeckel“,21008 „Anbau- & Mechanikteile für Türen und Klappen“,10347 Heckklappe / Heckdeckel,10347 Heckklappe / Heckdeckel,"Parent Prt auch 10554,10555",,,
11897,Heckklappenscharnier,"SUB, PART",SUB-020,PART-008,,3 Karosserie,3 Karosserie,20014 „Hecktür/ Klappe/ Kofferdeckel“,21008 „Anbau- & Mechanikteile für Türen und Klappen“,— (leer),10347 Heckklappe / Heckdeckel,,,,
10776,Gasfeder für Motorhaube,"SUB, PART",SUB-021,PART-005,,3 Karosserie,3 Karosserie,20002 „Karosserie vorne Innen“,21008 „Anbau- & Mechanikteile für Türen und Klappen“,— (leer),10351 Motorhaube,,,,
10066,Klappenscharnier,SUB,SUB-021,,,3 Karosserie,3 Karosserie,20002 „Karosserie vorne Innen“,21008 „Anbau- & Mechanikteile für Türen und Klappen“,— (leer),— (leer),,generisch; zugehörige Klappe nicht spezifiziert,,
10068,Klappenstützen,SUB,SUB-021,,,3 Karosserie,3 Karosserie,20002 „Karosserie vorne Innen“,21008 „Anbau- & Mechanikteile für Türen und Klappen“,— (leer),— (leer),,"Stützstangen für Klappe, generisch",,
10109,Motorhaubenscharnier,"SUB, PART",SUB-021,PART-005,,3 Karosserie,3 Karosserie,20002 „Karosserie vorne Innen“,21008 „Anbau- & Mechanikteile für Türen und Klappen“,— (leer),10351 Motorhaube,,,,
10142,Schloss Heckdeckel,"SUB, PART",SUB-022,PART-008,,3 Karosserie,3 Karosserie,20014 „Hecktür/ Klappe/ Kofferdeckel“,21009 „Schließsystem & Fahrzeugzugang“,— (leer),10347 Heckklappe / Heckdeckel,,,,
10143,Schloss Hecktür,SUB,SUB-022,,,3 Karosserie,3 Karosserie,20014 „Hecktür/ Klappe/ Kofferdeckel“,21009 „Schließsystem & Fahrzeugzugang“,10349 Hecktür,10349 Hecktür,Parent part auch 10532-10535,,,
11761,Schloss Hecktür,SUB,SUB-022,,,3 Karosserie,3 Karosserie,20014 „Hecktür/ Klappe/ Kofferdeckel“,21009 „Schließsystem & Fahrzeugzugang“,10349 Hecktür,10349 Hecktür,Parent part auch 10532-10535,Dublette zu 10143; identisch behandelt,,
10145,Schlosszapfen,SUB,SUB-022,,,3 Karosserie,3 Karosserie,20014 „Hecktür/ Klappe/ Kofferdeckel“,21009 „Schließsystem & Fahrzeugzugang“,— (leer),— (leer),,Schließkeil/-zapfen,,
10565,Frontscheibe mit blauem Bandfilter,SUB,SUB-023,,,3 Karosserie,3 Karosserie,20001 „Karosserie vorne Aussen“,11233 Frontscheibe,— (leer),— (leer),,,,
10566,Frontscheibe mit brozenem Bandfilter,SUB,SUB-023,,,3 Karosserie,3 Karosserie,20001 „Karosserie vorne Aussen“,11233 Frontscheibe,— (leer),— (leer),,,,
10564,Frontscheibe mit grünem Bandfilter,SUB,SUB-023,,,3 Karosserie,3 Karosserie,20001 „Karosserie vorne Aussen“,11233 Frontscheibe,— (leer),— (leer),,,,
10346,Frontscheibe ohne Bandfilter,SUB,SUB-023,,,3 Karosserie,3 Karosserie,20001 „Karosserie vorne Aussen“,11233 Frontscheibe,— (leer),— (leer),,,,
10350,Kotflügel mit Blinker mit Antennenloch,SUB,SUB-024,,,3 Karosserie,3 Karosserie,20001 „Karosserie vorne Aussen“,10610 Kotflügel,— (leer),— (leer),,,,
10568,Kotflügel mit Blinker ohne Antennenloch,SUB,SUB-024,,,3 Karosserie,3 Karosserie,20001 „Karosserie vorne Aussen“,10610 Kotflügel,— (leer),— (leer),,,,
10567,Kotflügel ohne Blinker mit Antennenloch,SUB,SUB-024,,,3 Karosserie,3 Karosserie,20001 „Karosserie vorne Aussen“,10610 Kotflügel,— (leer),— (leer),,,,
10569,Kotflügel ohne Blinker ohne Antennenloch,SUB,SUB-024,,,3 Karosserie,3 Karosserie,20001 „Karosserie vorne Aussen“,10610 Kotflügel,— (leer),— (leer),,,,
10361,Anhängerkupplung mit E-Satz abnehmbar,"HG, SUB",SUB-025,,HG-001,5 Sonstige,3 Karosserie,20011 „Karosserie hinten aussen“,11234 Anhängerkupplung,— (leer),— (leer),HG: Klassisches Zubehörteil,,,
10593,Anhängerkupplung mit E-Satz nicht abnehmbar,"HG, SUB",SUB-025,,HG-001,5 Sonstige,3 Karosserie,20011 „Karosserie hinten aussen“,11234 Anhängerkupplung,— (leer),— (leer),HG: Klassisches Zubehörteil,,,
10612,Anhängerkupplung ohne E-Satz abnehmbar,"HG, SUB, PART",SUB-025,PART-040,HG-001,5 Sonstige,3 Karosserie,20011 „Karosserie hinten aussen“,11234 Anhängerkupplung,10361 Anhängerkupplung mit E-Satz abnehmbar,— (leer),HG: Klassisches Zubehörteil,,,
10594,Anhängerkupplung ohne E-Satz nicht abnehmbar,"HG, SUB, PART",SUB-025,PART-039,HG-001,5 Sonstige,3 Karosserie,20011 „Karosserie hinten aussen“,11234 Anhängerkupplung,10593 Anhängerkupplung mit E-Satz nicht abnehmbar,— (leer),HG: Klassisches Zubehörteil,,,
10609,Außenspiegel,"SUB, PART",SUB-026,PART-001,,3 Karosserie,3 Karosserie,20005 „Karosserie Mitte aussen“,21006 „Außenspiegel & Spiegelkomponenten“,— (leer),HG3 Karosserie,,,,
11316,Außenspiegelblende,SUB,SUB-026,,,3 Karosserie,3 Karosserie,20005 „Karosserie Mitte aussen“,21006 „Außenspiegel & Spiegelkomponenten“,10609 Außenspiegel,10609 Außenspiegel,"Parent Part auch 10584-10586, 10602-10605",,,
10363,Außenspiegelgehäuse,SUB,SUB-026,,,3 Karosserie,3 Karosserie,20005 „Karosserie Mitte aussen“,21006 „Außenspiegel & Spiegelkomponenten“,10609 Außenspiegel,10609 Außenspiegel,"Parent Part auch 10584-10586, 10602-10605",,,
10364,Außenspiegelglas,SUB,SUB-026,,,3 Karosserie,3 Karosserie,20005 „Karosserie Mitte aussen“,21006 „Außenspiegel & Spiegelkomponenten“,10609 Außenspiegel,10609 Außenspiegel,"Parent Part auch 10584-10586, 10602-10605",,,
12059,Blende Seitenblinker,"SUB, PART",SUB-027,PART-063,,3 Karosserie,3 Karosserie,20005 „Karosserie Mitte aussen“,"21016 „Zier- & Schutzleisten, Blenden, Embleme“",— (leer),10192 Blinker,,Seitenblinker über generische Baugruppe Blinker referenziert,,
10371,Dachzierleiste,"SUB, PART",SUB-027,PART-001,,3 Karosserie,3 Karosserie,20005 „Karosserie Mitte aussen“,"21016 „Zier- & Schutzleisten, Blenden, Embleme“",— (leer),HG3 Karosserie,,,,
10748,Schutzleiste Schweller,"SUB, PART",SUB-027,PART-001,,3 Karosserie,3 Karosserie,20005 „Karosserie Mitte aussen“,"21016 „Zier- & Schutzleisten, Blenden, Embleme“",— (leer),HG3 Karosserie,,Schweller nicht als eigene Baugruppe vorhanden,,
10386,Schwellerleisten,"SUB, PART",SUB-027,PART-001,,3 Karosserie,3 Karosserie,20005 „Karosserie Mitte aussen“,"21016 „Zier- & Schutzleisten, Blenden, Embleme“",— (leer),HG3 Karosserie,,,,
10375,Grill Windlauf,"SUB, PART",SUB-028,PART-033,,3 Karosserie,3 Karosserie,20000 „Stossfänger vorne / hinten“,"21017 „Kühlergrill, Gitter & Luftführungen“",— (leer),10404 Windlauf,,Windlaufgitter (Wasserkastenabdeckung),,
10379,Kühlergrill,"SUB, PART",SUB-028,PART-001,,3 Karosserie,3 Karosserie,20000 „Stossfänger vorne / hinten“,"21017 „Kühlergrill, Gitter & Luftführungen“",— (leer),HG3 Karosserie,,,,
10380,Kühlergrillrahmen,SUB,SUB-028,,,3 Karosserie,3 Karosserie,20000 „Stossfänger vorne / hinten“,"21017 „Kühlergrill, Gitter & Luftführungen“",10379 Kühlergrill,10379 Kühlergrill,,,,
10757,Lüftungsgitter für Stoßfänger,"SUB, PART",SUB-028,PART-003,,3 Karosserie,3 Karosserie,20000 „Stossfänger vorne / hinten“,"21017 „Kühlergrill, Gitter & Luftführungen“",10570 Stoßstange Grundausführung für Kunststoff SW/grau mit Nebelscheinwerfer ohne Spoiler,10611 Stoßstange,"Parent Part no is auch 10571-10580, 10611",,,
10533,Hecktür (1-türig) geschlossen,SUB,SUB-029,,,3 Karosserie,3 Karosserie,20014 „Hecktür/ Klappe/ Kofferdeckel“,10349 Hecktür,— (leer),— (leer),,,,
10532,Hecktür (1-türig) mit Fensterausschnitt,SUB,SUB-029,,,3 Karosserie,3 Karosserie,20014 „Hecktür/ Klappe/ Kofferdeckel“,10349 Hecktür,— (leer),— (leer),,,,
10535,Hecktür (2-türig) geschlossen,SUB,SUB-029,,,3 Karosserie,3 Karosserie,20014 „Hecktür/ Klappe/ Kofferdeckel“,10349 Hecktür,— (leer),— (leer),,,,
10534,Hecktür (2-türig) mit Fensterausschnitt,SUB,SUB-029,,,3 Karosserie,3 Karosserie,20014 „Hecktür/ Klappe/ Kofferdeckel“,10349 Hecktür,— (leer),— (leer),,,,
12073,Heckscheibenöffner,"SUB, PART",SUB-030,PART-014,,3 Karosserie,3 Karosserie,20011 „Karosserie hinten aussen“,21009 „Schließsystem & Fahrzeugzugang“,— (leer),10348 Heckscheibe,,Entriegelung separat öffnender Heckscheibe,,
11134,Tankdeckelschloss,"SUB, PART",SUB-030,PART-048,,3 Karosserie,3 Karosserie,20011 „Karosserie hinten aussen“,21009 „Schließsystem & Fahrzeugzugang“,— (leer),10163 Tankverschluss,,,,
10163,Tankverschluss,"SUB, PART",SUB-030,PART-020,,3 Karosserie,3 Karosserie,20011 „Karosserie hinten aussen“,21009 „Schließsystem & Fahrzeugzugang“,— (leer),11438 Einfüllstutzen für Kraftstoffbehälter,,Verschlussdeckel auf Einfüllstutzen (HG1); Zugangs-/Verschlusssystem,,
11895,Tür-Zuzieh-Hilfe,SUB,SUB-031,,,3 Karosserie,3 Karosserie,20009 „Türen“,21009 „Schließsystem & Fahrzeugzugang“,10355 Tür,10355 Tür,,Softclose-Zuziehhilfe,,
10169,Türschloss,SUB,SUB-031,,,3 Karosserie,3 Karosserie,20009 „Türen“,21009 „Schließsystem & Fahrzeugzugang“,10355 Tür,10355 Tür,,,,
11834,Türschlüssel,"SUB, PART",SUB-031,PART-062,,3 Karosserie,3 Karosserie,20009 „Türen“,21009 „Schließsystem & Fahrzeugzugang“,10355 Tür,— (leer),,Fahrzeugschlüssel,,
10205,Fensterheber,"SUB, PART",SUB-032,PART-017,,3 Karosserie,3 Karosserie,20009 „Türen“,21010 „Fensterheber & Scheibenbetätigung“,— (leer),10355 Tür,,,,
11481,Gleitbacke für Fensterheber,"SUB, PART",SUB-032,PART-021,,3 Karosserie,3 Karosserie,20009 „Türen“,21010 „Fensterheber & Scheibenbetätigung“,— (leer),10205 Fensterheber,,,,
10233,Motor Fensterheber,"SUB, PART",SUB-032,PART-021,,3 Karosserie,3 Karosserie,20009 „Türen“,21010 „Fensterheber & Scheibenbetätigung“,— (leer),10205 Fensterheber,,,,
10337,Abschlussblech,"SUB, PART",SUB-033,PART-002,,3 Karosserie,3 Karosserie,20011 „Karosserie hinten aussen“,21013 „Karosserie-Blech- & Außenhautteile“,— (leer),10676 Karosserie,,Heckabschlussblech,,
10664,Heckwand,"SUB, PART",SUB-033,PART-002,,3 Karosserie,3 Karosserie,20011 „Karosserie hinten aussen“,21013 „Karosserie-Blech- & Außenhautteile“,— (leer),10676 Karosserie,,,,
10675,Seitenwand,"SUB, PART",SUB-033,PART-002,,3 Karosserie,3 Karosserie,20011 „Karosserie hinten aussen“,21013 „Karosserie-Blech- & Außenhautteile“,— (leer),10676 Karosserie,,"hinteres Seitenteil, geschweißt",,
10339,Ausstellscheibe,SUB,SUB-034,,,3 Karosserie,3 Karosserie,20011 „Karosserie hinten aussen“,21005 „Fahrzeugverglasung“,— (leer),— (leer),,Ausstellfenster; Einbauort fahrzeugabhängig,,
10348,Heckscheibe,"SUB, PART",SUB-034,PART-002,,3 Karosserie,3 Karosserie,20011 „Karosserie hinten aussen“,21005 „Fahrzeugverglasung“,— (leer),10676 Karosserie,,,,
10353,Seitenscheibe,SUB,SUB-034,,,3 Karosserie,3 Karosserie,20011 „Karosserie hinten aussen“,21005 „Fahrzeugverglasung“,— (leer),— (leer),,fest verbaut oder Türscheibe; unspezifisch,,
10345,Frontblech,"SUB, PART",SUB-035,PART-002,,3 Karosserie,3 Karosserie,20002 „Karosserie vorne Innen“,21013 „Karosserie-Blech- & Außenhautteile“,— (leer),10676 Karosserie,,Syn. Schlossträger/Frontschürze; Frontmaske,,
11682,Spritzwand,"SUB, PART",SUB-035,PART-002,,3 Karosserie,3 Karosserie,20002 „Karosserie vorne Innen“,21013 „Karosserie-Blech- & Außenhautteile“,— (leer),10676 Karosserie,,Stirnwand zwischen Motorraum und Innenraum,,
10357,Vorbau ohne Stirnwand,"SUB, PART",SUB-035,PART-002,,3 Karosserie,3 Karosserie,20002 „Karosserie vorne Innen“,21013 „Karosserie-Blech- & Außenhautteile“,— (leer),10676 Karosserie,,Vorderwagen-Sektion,,
10367,Blende Nebelscheinwerfer,SUB,SUB-036,,,3 Karosserie,3 Karosserie,20003 „Beleuchtung / Elektrik vorne“,"21016 „Zier- & Schutzleisten, Blenden, Embleme“",10240 Nebelscheinwerfer,10240 Nebelscheinwerfer,,,,
10368,Blende Scheinwerfer,"SUB, PART",SUB-036,PART-006,,3 Karosserie,3 Karosserie,20003 „Beleuchtung / Elektrik vorne“,"21016 „Zier- & Schutzleisten, Blenden, Embleme“",— (leer),10210 Hauptscheinwerfer,,,,
10674,Scheinwerferleiste,"SUB, PART",SUB-036,PART-006,,3 Karosserie,3 Karosserie,20003 „Beleuchtung / Elektrik vorne“,"21016 „Zier- & Schutzleisten, Blenden, Embleme“",— (leer),10210 Hauptscheinwerfer,,Zierleiste am Scheinwerfer,,
10369,Blende Stoßstange,"SUB, PART",SUB-037,PART-003,,3 Karosserie,3 Karosserie,20000 „Stossfänger vorne / hinten“,"21016 „Zier- & Schutzleisten, Blenden, Embleme“",10570 Stoßstange Grundausführung für Kunststoff SW/grau mit Nebelscheinwerfer ohne Spoiler,10611 Stoßstange,"Parent Part no ist auch 10571-10580, 10611",,,
10390,Steinschlagschutz Stoßstange,"SUB, PART",SUB-037,PART-003,,3 Karosserie,3 Karosserie,20000 „Stossfänger vorne / hinten“,"21016 „Zier- & Schutzleisten, Blenden, Embleme“",10570 Stoßstange Grundausführung für Kunststoff SW/grau mit Nebelscheinwerfer ohne Spoiler,10611 Stoßstange,"Parent Part no ist auch 10571-10580, 10611",,,
11300,Zier-/Schutzleistensatz für Stoßfänger,"SUB, PART",SUB-037,PART-003,,3 Karosserie,3 Karosserie,20000 „Stossfänger vorne / hinten“,"21016 „Zier- & Schutzleisten, Blenden, Embleme“",10570 Stoßstange Grundausführung für Kunststoff SW/grau mit Nebelscheinwerfer ohne Spoiler,10611 Stoßstange,"Parent Part no is auch 10571-10580, 10611",Satz,,
11348,Abdeckung Frontschürze,"SUB, PART",SUB-038,PART-052,,3 Karosserie,3 Karosserie,20001 „Karosserie vorne Aussen“,21027 „Außenverkleidungen & Abdeckungen“,— (leer),10372 Frontschürze,,,,
10373,Frontverkleidung,"SUB, PART",SUB-038,PART-001,,3 Karosserie,3 Karosserie,20001 „Karosserie vorne Aussen“,21027 „Außenverkleidungen & Abdeckungen“,— (leer),HG3 Karosserie,,,,
10400,Verkleidung Innenkotflügel,"SUB, PART",SUB-038,PART-013,,3 Karosserie,3 Karosserie,20001 „Karosserie vorne Aussen“,21027 „Außenverkleidungen & Abdeckungen“,— (leer),10610 Kotflügel,,Radhausschale,,
10957,Schiebedach Glas,SUB,SUB-039,,,3 Karosserie,3 Karosserie,20005 „Karosserie Mitte aussen“,10133 Schiebedach,— (leer),— (leer),,,,
10958,Schiebedach Metall,SUB,SUB-039,,,3 Karosserie,3 Karosserie,20005 „Karosserie Mitte aussen“,10133 Schiebedach,— (leer),— (leer),,,,
10387,Sonnendach,SUB,SUB-039,,,3 Karosserie,3 Karosserie,20005 „Karosserie Mitte aussen“,10133 Schiebedach,— (leer),— (leer),,Syn. Sonnenschiebedach,,
11413,Dichtung für Türscheibe,"SUB, PART",SUB-040,PART-025,,3 Karosserie,3 Karosserie,20009 „Türen“,21021 „Karosseriedichtungen“,10355 Tür,10356 Türscheibe,,,,
10523,Türdichtung,SUB,SUB-040,,,3 Karosserie,3 Karosserie,20009 „Türen“,21021 „Karosseriedichtungen“,10355 Tür,10355 Tür,,,,
10398,Türgummi,SUB,SUB-040,,,3 Karosserie,3 Karosserie,20009 „Türen“,21021 „Karosseriedichtungen“,10355 Tür,10355 Tür,,,,
10660,Frontscheibenrahmen,"SUB, PART",SUB-041,PART-002,,3 Karosserie,3 Karosserie,20001 „Karosserie vorne Aussen“,21013 „Karosserie-Blech- & Außenhautteile“,— (leer),10676 Karosserie,,,,
10610,Kotflügel,"SUB, PART",SUB-041,PART-001,,3 Karosserie,3 Karosserie,20001 „Karosserie vorne Aussen“,21013 „Karosserie-Blech- & Außenhautteile“,— (leer),HG3 Karosserie,,"vorderer Kotflügel: geschraubtes Anbauteil (daher partOf Hauptgruppe, nicht Rohbau)",,
10404,Windlauf,"SUB, PART",SUB-041,PART-002,,3 Karosserie,3 Karosserie,20001 „Karosserie vorne Aussen“,21013 „Karosserie-Blech- & Außenhautteile“,— (leer),10676 Karosserie,,,,
10492,Dichtung für Heckscheibe,"SUB, PART",SUB-042,PART-014,,3 Karosserie,3 Karosserie,20011 „Karosserie hinten aussen“,21021 „Karosseriedichtungen“,— (leer),10348 Heckscheibe,,,,
11012,Dichtung für Heckscheibe,"SUB, PART",SUB-042,PART-014,,3 Karosserie,3 Karosserie,20011 „Karosserie hinten aussen“,21021 „Karosseriedichtungen“,— (leer),10348 Heckscheibe,,Dublette zu 10492; identisch behandelt,,
11022,Dichtung für Seitenscheibe,"SUB, PART",SUB-042,PART-044,,3 Karosserie,3 Karosserie,20011 „Karosserie hinten aussen“,21021 „Karosseriedichtungen“,— (leer),10353 Seitenscheibe,,,,
11324,Ersatzradhalter,"SUB, PART",SUB-043,PART-001,,3 Karosserie,3 Karosserie,20011 „Karosserie hinten aussen“,21020 „Träger- & Transportsysteme“,— (leer),HG3 Karosserie,,karosseriemontierter Halter; vgl. 11783 Reserveradhalter (Synonym-Dublette),,
10941,Fahrradträger Heck,"SUB, PART",SUB-043,PART-001,,3 Karosserie,3 Karosserie,20011 „Karosserie hinten aussen“,21020 „Träger- & Transportsysteme“,— (leer),HG3 Karosserie,,,,
11471,Gasfeder für Reserveradhalter,"SUB, PART",SUB-043,PART-057,,3 Karosserie,3 Karosserie,20011 „Karosserie hinten aussen“,21020 „Träger- & Transportsysteme“,— (leer),11783 Reserveradhalter,,,,
11292,Halter für Kühlergitter,"SUB, PART",SUB-044,PART-015,,3 Karosserie,3 Karosserie,20002 „Karosserie vorne Innen“,21025 „Karosserie-Befestigungs- & Kleinteile“,— (leer),10379 Kühlergrill,,,,
11090,Puffer für Motorhaube,"SUB, PART",SUB-044,PART-005,,3 Karosserie,3 Karosserie,20002 „Karosserie vorne Innen“,21025 „Karosserie-Befestigungs- & Kleinteile“,— (leer),10351 Motorhaube,,,,
11700,Stütze Kühlergitter,"SUB, PART",SUB-044,PART-015,,3 Karosserie,3 Karosserie,20002 „Karosserie vorne Innen“,21025 „Karosserie-Befestigungs- & Kleinteile“,— (leer),10379 Kühlergrill,,,,
11473,Gasfeder für Verdeck,"SUB, PART",SUB-045,PART-009,,3 Karosserie,3 Karosserie,20005 „Karosserie Mitte aussen“,21008 „Anbau- & Mechanikteile für Türen und Klappen“,10340 Dach Cabrio,10344 Faltdach,,,,
11644,Tankklappenscharnier,"SUB, PART",SUB-045,PART-016,,3 Karosserie,3 Karosserie,20005 „Karosserie Mitte aussen“,21008 „Anbau- & Mechanikteile für Türen und Klappen“,— (leer),10161 Tankklappe,,,,
11242,Verdeckgriff,"SUB, PART",SUB-045,PART-009,,3 Karosserie,3 Karosserie,20005 „Karosserie Mitte aussen“,21008 „Anbau- & Mechanikteile für Türen und Klappen“,10340 Dach Cabrio,10344 Faltdach,,,,
11291,Karosserieboden Koffer-/Laderaum,"SUB, PART",SUB-046,PART-002,,3 Karosserie,3 Karosserie,20012 „Karosserie hinten innen“,21013 „Karosserie-Blech- & Außenhautteile“,— (leer),10676 Karosserie,,,,
11521,Koffer-/Laderaumwanne,"SUB, PART",SUB-046,PART-002,,3 Karosserie,3 Karosserie,20012 „Karosserie hinten innen“,21013 „Karosserie-Blech- & Außenhautteile“,— (leer),10676 Karosserie,,als Blech-Bodenwanne interpretiert; alternativ Zubehör-Einlage (Innenraum),,
11296,Reserveradwanne,"SUB, PART",SUB-046,PART-002,,3 Karosserie,3 Karosserie,20012 „Karosserie hinten innen“,21013 „Karosserie-Blech- & Außenhautteile“,— (leer),10676 Karosserie,,,,
11297,Stoßfängerabdeckung für Anhängevorrichtung,"SUB, PART",SUB-047,PART-003,,3 Karosserie,3 Karosserie,20000 „Stossfänger vorne / hinten“,21022 „Anhängevorrichtung & Zubehör“,10570 Stoßstange Grundausführung für Kunststoff SW/grau mit Nebelscheinwerfer ohne Spoiler,10611 Stoßstange,"Parent Part no is auch 10571-10580, 10611",AHK-Ausschnittabdeckung im Stoßfänger,,
11697,Stoßstangenabdeckung für Anhängevorrichtung,"SUB, PART",SUB-047,PART-003,,3 Karosserie,3 Karosserie,20000 „Stossfänger vorne / hinten“,21022 „Anhängevorrichtung & Zubehör“,10570 Stoßstange Grundausführung für Kunststoff SW/grau mit Nebelscheinwerfer ohne Spoiler,10611 Stoßstange,"Parent Part no is auch 10571-10580, 10611",,,
11698,Stoßstangenhalter für Anhängevorrichtung,"SUB, PART",SUB-047,PART-003,,3 Karosserie,3 Karosserie,20000 „Stossfänger vorne / hinten“,21022 „Anhängevorrichtung & Zubehör“,10570 Stoßstange Grundausführung für Kunststoff SW/grau mit Nebelscheinwerfer ohne Spoiler,10611 Stoßstange,"Parent Part no is auch 10571-10580, 10611",,,
12175,Dachklimaanlage,"SUB, PART",SUB-048,PART-001,,3 Karosserie,3 Karosserie,20005 „Karosserie Mitte aussen“,21026 „Nutzfahrzeug-Aufbauten & Anbaugeräte“,— (leer),HG3 Karosserie,,Aufdach-Klimagerät (Nfz/Reisemobil); klimatechnisch Grenzfall,,
11944,Hardtop Ladefläche,"SUB, PART",SUB-048,PART-001,,3 Karosserie,3 Karosserie,20005 „Karosserie Mitte aussen“,21026 „Nutzfahrzeug-Aufbauten & Anbaugeräte“,— (leer),HG3 Karosserie,,Pickup-Hardtop,,
11325,Persening,"SUB, PART",SUB-048,PART-050,,3 Karosserie,3 Karosserie,20005 „Karosserie Mitte aussen“,21026 „Nutzfahrzeug-Aufbauten & Anbaugeräte“,— (leer),11755 Pritschenaufbau komplett,,Persenning/Plane für Pritschenaufbau,,
11346,Abdeckkappe Türgriff,"SUB, PART",SUB-049,PART-018,,3 Karosserie,3 Karosserie,20009 „Türen“,21027 „Außenverkleidungen & Abdeckungen“,10355 Tür,10397 Türgriff,,,,
11349,Abdeckung Griffmulde,"SUB, PART",SUB-049,PART-017,,3 Karosserie,3 Karosserie,20009 „Türen“,21027 „Außenverkleidungen & Abdeckungen“,— (leer),10355 Tür,,,,
12076,Abdeckung Schiebetürschienen,"SUB, PART",SUB-049,PART-026,,3 Karosserie,3 Karosserie,20009 „Türen“,21027 „Außenverkleidungen & Abdeckungen“,— (leer),10352 Schiebetür,,,,
11433,Druckschalter für Bremshydraulik,"SUB, PART",SUB-050,PART-055,,2 Motorraum,2 Motorraum,20031 „Bremsanlage“,— (leer),— (leer),HG2 Motorraum,HG: Position an Hydraukikeinheit,"HG: Hydraulikschalter der Bremsanlage (Hauptbremszylinder), kein Karosserieteil",,
11636,Schalter für Bremsbetätigung,"SUB, PART",SUB-050,PART-019,,4 Innenraum,4 Innenraum,20031 „Bremsanlage“,— (leer),— (leer),HG4 Innenraum,HG: Bremspedal,"HG: Elektrischer Schalter/Bedienelement im Innenraum, kein Karosserieteil | Bremslichtschalter an der Pedalerie",,
11638,Schalter für Handbremskontrollleuchte,"SUB, PART",SUB-050,PART-019,,4 Innenraum,4 Innenraum,20031 „Bremsanlage“,— (leer),— (leer),HG4 Innenraum,HG: Gewöhlich am Handbremshebel,"HG: Elektrischer Schalter/Bedienelement im Innenraum, kein Karosserieteil",,
12061,Kotflügelträger,"SUB, PART",SUB-051,PART-002,,3 Karosserie,3 Karosserie,20002 „Karosserie vorne Innen“,21014 „Karosserie-Strukturteile & Verstärkungen“,— (leer),10676 Karosserie,,,,
10125,Querträger,"SUB, PART",SUB-051,PART-002,,3 Karosserie,3 Karosserie,20002 „Karosserie vorne Innen“,21014 „Karosserie-Strukturteile & Verstärkungen“,— (leer),10676 Karosserie,,,,
10138,Schließzylinder Heckdeckel,"SUB, PART",SUB-052,PART-028,,3 Karosserie,3 Karosserie,20014 „Hecktür/ Klappe/ Kofferdeckel“,10137 Schließzylinder,— (leer),10142 Schloss Heckdeckel,,,,
10139,Schließzylinder Hecktür,"SUB, PART",SUB-052,PART-029,,3 Karosserie,3 Karosserie,20014 „Hecktür/ Klappe/ Kofferdeckel“,10137 Schließzylinder,10349 Hecktür,10143 Schloss Hecktür,Parent part auch 10532-10535,,,
10193,Blinker Außenspiegel,SUB,SUB-053,,,3 Karosserie,3 Karosserie,20008 „Beleuchtung / Elektrik Mitte und Türen“,10192 Blinker,10609 Außenspiegel,10609 Außenspiegel,"Parent Part auch 10584-10586, 10602-10605",,,
11901,Blinker Dach,"SUB, PART",SUB-053,PART-001,,3 Karosserie,3 Karosserie,20008 „Beleuchtung / Elektrik Mitte und Türen“,10192 Blinker,— (leer),HG3 Karosserie,,Dachblinker (Nfz/Sonderfahrzeug),,
11357,Anschlussleitung für Außenspiegel,SUB,SUB-054,,,3 Karosserie,3 Karosserie,20008 „Beleuchtung / Elektrik Mitte und Türen“,21028 „Karosserie-Elektrik & Sensorik außen“,10609 Außenspiegel,10609 Außenspiegel,"Parent Part auch 10584-10586, 10602-10605",,,
10220,Kabel Tür,SUB,SUB-054,,,3 Karosserie,3 Karosserie,20008 „Beleuchtung / Elektrik Mitte und Türen“,21028 „Karosserie-Elektrik & Sensorik außen“,10355 Tür,10355 Tür,,Kabelübergang/Leitungssatz Tür,,
10237,Motor Schiebedach,"SUB, PART",SUB-055,PART-012,,3 Karosserie,3 Karosserie,20008 „Beleuchtung / Elektrik Mitte und Türen“,21019 „Dach- & Verdecksysteme“,— (leer),10133 Schiebedach,,,,
10238,Motor Verdeck,"SUB, PART",SUB-055,PART-009,,3 Karosserie,3 Karosserie,20008 „Beleuchtung / Elektrik Mitte und Türen“,21019 „Dach- & Verdecksysteme“,10340 Dach Cabrio,10344 Faltdach,,,,
10347,Heckklappe / Heckdeckel,"SUB, PART",SUB-056,PART-001,,3 Karosserie,3 Karosserie,20014 „Hecktür/ Klappe/ Kofferdeckel“,21007 „Türen & Klappen“,— (leer),HG3 Karosserie,,,,
10349,Hecktür,"SUB, PART",SUB-056,PART-001,,3 Karosserie,3 Karosserie,20014 „Hecktür/ Klappe/ Kofferdeckel“,21007 „Türen & Klappen“,— (leer),HG3 Karosserie,,,,
10352,Schiebetür,"SUB, PART",SUB-057,PART-001,,3 Karosserie,3 Karosserie,20009 „Türen“,21007 „Türen & Klappen“,— (leer),HG3 Karosserie,,,,
10355,Tür,"SUB, PART",SUB-057,PART-001,,3 Karosserie,3 Karosserie,20009 „Türen“,21007 „Türen & Klappen“,— (leer),HG3 Karosserie,,,,
10370,Dachreling,"SUB, PART",SUB-058,PART-001,,3 Karosserie,3 Karosserie,20005 „Karosserie Mitte aussen“,21020 „Träger- & Transportsysteme“,— (leer),HG3 Karosserie,,,,
10940,Fahrradträger Dach,"SUB, PART",SUB-058,PART-001,,3 Karosserie,3 Karosserie,20005 „Karosserie Mitte aussen“,21020 „Träger- & Transportsysteme“,— (leer),HG3 Karosserie,,,,
10372,Frontschürze,"SUB, PART",SUB-059,PART-001,,3 Karosserie,3 Karosserie,20001 „Karosserie vorne Aussen“,21012 „Stoßfängersystem“,— (leer),HG3 Karosserie,,,,
10382,Schürze,"SUB, PART",SUB-059,PART-001,,3 Karosserie,3 Karosserie,20001 „Karosserie vorne Aussen“,21012 „Stoßfängersystem“,— (leer),HG3 Karosserie,,"Front-/Heckschürze, unspezifisch",,
10376,Heckblende,"SUB, PART",SUB-060,PART-001,,3 Karosserie,3 Karosserie,20011 „Karosserie hinten aussen“,"21016 „Zier- & Schutzleisten, Blenden, Embleme“",— (leer),HG3 Karosserie,,Zierblende Heckbereich,,
10384,Schutzleiste Seitenwand,"SUB, PART",SUB-060,PART-035,,3 Karosserie,3 Karosserie,20011 „Karosserie hinten aussen“,"21016 „Zier- & Schutzleisten, Blenden, Embleme“",— (leer),10675 Seitenwand,,,,
10385,Schutzleiste Tür,"SUB, PART",SUB-061,PART-036,,3 Karosserie,3 Karosserie,20009 „Türen“,"21016 „Zier- & Schutzleisten, Blenden, Embleme“",10352 Schiebetür,10355 Tür,"Parent part auch 10556,10557",,,
11747,Zier-/Schutzleiste für Türscheibe,"SUB, PART",SUB-061,PART-025,,3 Karosserie,3 Karosserie,20009 „Türen“,"21016 „Zier- & Schutzleisten, Blenden, Embleme“",10355 Tür,10356 Türscheibe,,,,
11344,Türblatt,SUB,SUB-062,,,3 Karosserie,3 Karosserie,20009 „Türen“,21013 „Karosserie-Blech- & Außenhautteile“,10355 Tür,10355 Tür,,Türaußenblech,,
10399,Türrahmen,SUB,SUB-062,,,3 Karosserie,3 Karosserie,20009 „Türen“,21013 „Karosserie-Blech- & Außenhautteile“,10355 Tür,10355 Tür,,,,
10489,Dichtung für Frontscheibe,"SUB, PART",SUB-063,PART-037,,3 Karosserie,3 Karosserie,20001 „Karosserie vorne Aussen“,21021 „Karosseriedichtungen“,— (leer),11233 Frontscheibe,,,,
11400,Dichtung für Kotflügel,"SUB, PART",SUB-063,PART-013,,3 Karosserie,3 Karosserie,20001 „Karosserie vorne Aussen“,21021 „Karosseriedichtungen“,— (leer),10610 Kotflügel,,,,
10530,Hauptscheinwerfer höhenverstellbar,SUB,SUB-064,,,3 Karosserie,3 Karosserie,20003 „Beleuchtung / Elektrik vorne“,10210 Hauptscheinwerfer,— (leer),— (leer),,,,
10531,Hauptscheinwerfer nicht höhenverstellbar,SUB,SUB-064,,,3 Karosserie,3 Karosserie,20003 „Beleuchtung / Elektrik vorne“,10210 Hauptscheinwerfer,— (leer),— (leer),,,,
10555,Heckklappe geschlossen,SUB,SUB-065,,,3 Karosserie,3 Karosserie,20014 „Hecktür/ Klappe/ Kofferdeckel“,10347 Heckklappe / Heckdeckel,— (leer),— (leer),,,,
10554,Heckklappe mit Fensterausschnitt,SUB,SUB-065,,,3 Karosserie,3 Karosserie,20014 „Hecktür/ Klappe/ Kofferdeckel“,10347 Heckklappe / Heckdeckel,— (leer),— (leer),,,,
10557,Schiebetür geschlossen,SUB,SUB-066,,,3 Karosserie,3 Karosserie,20009 „Türen“,10352 Schiebetür,— (leer),— (leer),,,,
10556,Schiebetür mit Fensterausschnitt,SUB,SUB-066,,,3 Karosserie,3 Karosserie,20009 „Türen“,10352 Schiebetür,— (leer),— (leer),,,,
10704,Dichtung für Koffer-/Laderaumklappe,"SUB, PART",SUB-067,PART-008,,3 Karosserie,3 Karosserie,20012 „Karosserie hinten innen“,21021 „Karosseriedichtungen“,— (leer),10347 Heckklappe / Heckdeckel,,Heckklappe/-deckel,,
11401,Dichtung für Kraftstoffeinfüllstutzen,"SUB, PART",SUB-067,PART-020,,3 Karosserie,3 Karosserie,20012 „Karosserie hinten innen“,21021 „Karosseriedichtungen“,— (leer),11438 Einfüllstutzen für Kraftstoffbehälter,,Stutzen unter HG1; Dichtung sitzt karosserieseitig am Durchbruch,,
11877,Elektrisches Heckklappenset,SUB,SUB-068,,,3 Karosserie,3 Karosserie,20013 „Beleuchtung / Elektrik hinten“,21008 „Anbau- & Mechanikteile für Türen und Klappen“,10347 Heckklappe / Heckdeckel,10347 Heckklappe / Heckdeckel,"Parent Prt auch 10554,10555",Nachrüstset elektrische Heckklappe,,
10749,Motor Heckklappe,SUB,SUB-068,,,3 Karosserie,3 Karosserie,20013 „Beleuchtung / Elektrik hinten“,21008 „Anbau- & Mechanikteile für Türen und Klappen“,10347 Heckklappe / Heckdeckel,10347 Heckklappe / Heckdeckel,"Parent Prt auch 10554,10555",,,
11817,Lufthutze Deckel,"SUB, PART",SUB-069,PART-005,,3 Karosserie,3 Karosserie,20001 „Karosserie vorne Aussen“,21018 „Aerodynamik-Anbauteile“,— (leer),10351 Motorhaube,,Haubenhutze,,
10816,Spoiler für Kühlergitter,"SUB, PART",SUB-069,PART-015,,3 Karosserie,3 Karosserie,20001 „Karosserie vorne Aussen“,21018 „Aerodynamik-Anbauteile“,— (leer),10379 Kühlergrill,,,,
10859,Heckleuchtensatz,SUB,SUB-070,,,3 Karosserie,3 Karosserie,20013 „Beleuchtung / Elektrik hinten“,10260 Rückleuchte,— (leer),— (leer),,Satz der Baugruppe Rückleuchte,,
11847,Rückleuchte in Stoßstange,"SUB, PART",SUB-070,PART-003,,3 Karosserie,3 Karosserie,20013 „Beleuchtung / Elektrik hinten“,10260 Rückleuchte,10570 Stoßstange Grundausführung für Kunststoff SW/grau mit Nebelscheinwerfer ohne Spoiler,10611 Stoßstange,"Parent Part no is auch 10571-10580, 10611",,,
11047,Gasfeder für Heckscheibe,"SUB, PART",SUB-071,PART-014,,3 Karosserie,3 Karosserie,20011 „Karosserie hinten aussen“,21008 „Anbau- & Mechanikteile für Türen und Klappen“,— (leer),10348 Heckscheibe,,separat öffnendes Heckscheibenfenster,,
11329,Stellmotor Tankklappe,"SUB, PART",SUB-071,PART-016,,3 Karosserie,3 Karosserie,20011 „Karosserie hinten aussen“,21008 „Anbau- & Mechanikteile für Türen und Klappen“,— (leer),10161 Tankklappe,,,,
11299,Dachsäule,"SUB, PART",SUB-072,PART-002,,3 Karosserie,3 Karosserie,20005 „Karosserie Mitte aussen“,21014 „Karosserie-Strukturteile & Verstärkungen“,— (leer),10676 Karosserie,,,,
11766,Scharniersäule,"SUB, PART",SUB-072,PART-002,,3 Karosserie,3 Karosserie,20005 „Karosserie Mitte aussen“,21014 „Karosserie-Strukturteile & Verstärkungen“,— (leer),10676 Karosserie,,A-Säule/Scharnierträger,,
11947,Schwellerrohre,"SUB, PART",SUB-073,PART-001,,3 Karosserie,3 Karosserie,20005 „Karosserie Mitte aussen“,21015 „Schutzbügel & Trittstufen“,— (leer),HG3 Karosserie,,,,
11340,Überrollbügel,"SUB, PART",SUB-073,PART-001,,3 Karosserie,3 Karosserie,20005 „Karosserie Mitte aussen“,21015 „Schutzbügel & Trittstufen“,— (leer),HG3 Karosserie,,,,
11393,Dichtung für Faltdach,"SUB, PART",SUB-074,PART-053,,3 Karosserie,3 Karosserie,20005 „Karosserie Mitte aussen“,21021 „Karosseriedichtungen“,— (leer),10344 Faltdach,,,,
11410,Dichtung für Schiebedach,"SUB, PART",SUB-074,PART-012,,3 Karosserie,3 Karosserie,20005 „Karosserie Mitte aussen“,21021 „Karosseriedichtungen“,— (leer),10133 Schiebedach,,,,
11396,Dichtung für Hauptscheinwerfer,"SUB, PART",SUB-075,PART-004,,3 Karosserie,3 Karosserie,20003 „Beleuchtung / Elektrik vorne“,21021 „Karosseriedichtungen“,10206 Hauptfernscheinwerfer,10210 Hauptscheinwerfer,"Parent part auch 10210,10530, 10531",,,
11409,Dichtung für Rahmen Hauptscheinwerfer,"SUB, PART",SUB-075,PART-004,,3 Karosserie,3 Karosserie,20003 „Beleuchtung / Elektrik vorne“,21021 „Karosseriedichtungen“,10206 Hauptfernscheinwerfer,10210 Hauptscheinwerfer,"Parent part auch 10210,10530, 10531",,,
11399,Dichtung für Kennzeichenleuchte,SUB,SUB-076,,,3 Karosserie,3 Karosserie,20013 „Beleuchtung / Elektrik hinten“,21021 „Karosseriedichtungen“,10223 Kennzeichenleuchte,10223 Kennzeichenleuchte,,,,
11411,Dichtung für Schlussleuchte,"SUB, PART",SUB-076,PART-054,,3 Karosserie,3 Karosserie,20013 „Beleuchtung / Elektrik hinten“,21021 „Karosseriedichtungen“,10223 Kennzeichenleuchte,10260 Rückleuchte,,Schlussleuchte = Rückleuchte,,
11842,Hubzylinder für Scheinwerferreinigungsanlage,SUB,SUB-077,,,3 Karosserie,3 Karosserie,20003 „Beleuchtung / Elektrik vorne“,21011 „Wisch- & Waschanlage“,— (leer),— (leer),,SRA-Teleskopdüsenantrieb,,
11791,Spritzdüse für Scheinwerferreinigungsanlage,SUB,SUB-077,,,3 Karosserie,3 Karosserie,20003 „Beleuchtung / Elektrik vorne“,21011 „Wisch- & Waschanlage“,— (leer),— (leer),,SRA-Düse,,
11794,Aktor Fussgängerschutz,"SUB, PART",SUB-078,PART-005,,3 Karosserie,3 Karosserie,20002 „Karosserie vorne Innen“,21028 „Karosserie-Elektrik & Sensorik außen“,— (leer),10351 Motorhaube,,pyrotechnischer Haubenaufsteller (aktive Motorhaube),,
11891,Aktuator Motorhaube,"SUB, PART",SUB-078,PART-005,,3 Karosserie,3 Karosserie,20002 „Karosserie vorne Innen“,21028 „Karosserie-Elektrik & Sensorik außen“,— (leer),10351 Motorhaube,,Aufstell-/Entriegelungsaktuator der Haube,,
10006,Antenne Dach,"SUB, PART",SUB-079,PART-001,,3 Karosserie,3 Karosserie,20005 „Karosserie Mitte aussen“,21023 „Antennen & Empfangstechnik“,— (leer),HG3 Karosserie,,,,
10007,Aufprallträger,"SUB, PART",SUB-080,PART-002,,3 Karosserie,3 Karosserie,20000 „Stossfänger vorne / hinten“,21014 „Karosserie-Strukturteile & Verstärkungen“,— (leer),10676 Karosserie,,Querträger hinter dem Stoßfänger,,
10124,Pralldämpfer,"SUB, PART",SUB-081,PART-002,,3 Karosserie,3 Karosserie,20002 „Karosserie vorne Innen“,21012 „Stoßfängersystem“,— (leer),10676 Karosserie,,Crashbox zwischen Stoßfängerträger und Längsträger,,
10131,Scheibenwaschdüse,SUB,SUB-082,,,3 Karosserie,3 Karosserie,20001 „Karosserie vorne Aussen“,21011 „Wisch- & Waschanlage“,— (leer),— (leer),,,,
10141,Schließzylinder Schiebetür,SUB,SUB-083,,,3 Karosserie,3 Karosserie,20009 „Türen“,10137 Schließzylinder,10352 Schiebetür,10352 Schiebetür,"Parent part auch 10556,10557",kein separates Schiebetürschloss im Katalog,,
10154,Stütze Heckwischer,SUB,SUB-084,,,3 Karosserie,3 Karosserie,20014 „Hecktür/ Klappe/ Kofferdeckel“,21011 „Wisch- & Waschanlage“,— (leer),— (leer),,,,
10161,Tankklappe,"SUB, PART",SUB-085,PART-001,,3 Karosserie,3 Karosserie,20011 „Karosserie hinten aussen“,21007 „Türen & Klappen“,— (leer),HG3 Karosserie,,,,
10162,Tankklappenzug,"SUB, PART",SUB-086,PART-016,,3 Karosserie,3 Karosserie,20012 „Karosserie hinten innen“,21009 „Schließsystem & Fahrzeugzugang“,— (leer),10161 Tankklappe,,Entriegelungszug,,
10194,Blinker Kotflügel,SUB,SUB-087,,,3 Karosserie,3 Karosserie,20003 „Beleuchtung / Elektrik vorne“,10192 Blinker,10610 Kotflügel,10610 Kotflügel,"Parent Part no ist auch 10350, 10567-10569",,,
10351,Motorhaube,"SUB, PART",SUB-088,PART-001,,3 Karosserie,3 Karosserie,20001 „Karosserie vorne Aussen“,21007 „Türen & Klappen“,— (leer),HG3 Karosserie,,,,
10354,Seitenscheibe Schiebetür,SUB,SUB-089,,,3 Karosserie,3 Karosserie,20009 „Türen“,10353 Seitenscheibe,10352 Schiebetür,10352 Schiebetür,Parent part auch 10556,,,
10356,Türscheibe,SUB,SUB-090,,,3 Karosserie,3 Karosserie,20009 „Türen“,21005 „Fahrzeugverglasung“,10355 Tür,10355 Tür,,,,
10381,Radabdeckung,"HG, SUB, PART",SUB-091,PART-034,HG-004,1 Unterboden,3 Karosserie,30000 „Fahrwerk/ Lenkung“,21027 „Außenverkleidungen & Abdeckungen“,— (leer),21024 „Räder & Bereifung“,HG: Räder ordnet man sinnvollerweise dem Fahrwerk / Unterboden zu,Radzierblende; Rad-Kategorie unter HG1,,
10401,Verkleidung Scheinwerfer,"SUB, PART",SUB-092,PART-006,,3 Karosserie,3 Karosserie,20003 „Beleuchtung / Elektrik vorne“,21027 „Außenverkleidungen & Abdeckungen“,— (leer),10210 Hauptscheinwerfer,,,,
10402,Windabweiser Dach,"SUB, PART",SUB-093,PART-001,,3 Karosserie,3 Karosserie,20005 „Karosserie Mitte aussen“,21018 „Aerodynamik-Anbauteile“,— (leer),HG3 Karosserie,,,,
10403,Windabweiser Fenster,"SUB, PART",SUB-094,PART-017,,3 Karosserie,3 Karosserie,20009 „Türen“,21018 „Aerodynamik-Anbauteile“,— (leer),10355 Tür,,Türscheiben-Windabweiser,,
10490,Dichtung für Motorhaube,"SUB, PART",SUB-095,PART-005,,3 Karosserie,3 Karosserie,20002 „Karosserie vorne Innen“,21021 „Karosseriedichtungen“,— (leer),10351 Motorhaube,,,,
10623,Alufelgen Satz,"SUB, PART",SUB-096,PART-007,,1 Unterboden,1 Unterboden,30000 „Fahrwerk/ Lenkung“,10625 Felge Alu,11261 Kompletträder,— (leer),HG: Räder ordnet man sinnvollerweise dem Fahrwerk / Unterboden zu,"HG: Rad/Reifen ist Fahrwerksteil, kein Karosserieteil; Zuordnung zu Unterboden (Achsen/Fahrwerk) | Satz der Baugruppe Felge Alu",,
10624,Stahlfelgen Satz,"SUB, PART",SUB-097,PART-007,,1 Unterboden,1 Unterboden,30000 „Fahrwerk/ Lenkung“,10498 Felge Stahl,11261 Kompletträder,— (leer),HG: Räder ordnet man sinnvollerweise dem Fahrwerk / Unterboden zu,"HG: Rad/Reifen ist Fahrwerksteil, kein Karosserieteil; Zuordnung zu Unterboden (Achsen/Fahrwerk) | Satz der Baugruppe Felge Stahl",,
10655,Glühlampe Blinkleuchte,SUB,SUB-098,,,3 Karosserie,3 Karosserie,— (leer),21001 „Leuchtmittel (Glühlampen & Brenner)“,10192 Blinker,10192 Blinker,,,,
10659,Einstiegblech,"SUB, PART",SUB-099,PART-002,,3 Karosserie,3 Karosserie,20005 „Karosserie Mitte aussen“,21013 „Karosserie-Blech- & Außenhautteile“,— (leer),10676 Karosserie,,,,
10663,Wischgummi,SUB,SUB-100,,,3 Karosserie,3 Karosserie,— (leer),21011 „Wisch- & Waschanlage“,10528 Wischerblatt,10528 Wischerblatt,,,,
10672,Stellelement für Außenspiegel,SUB,SUB-101,,,3 Karosserie,3 Karosserie,20008 „Beleuchtung / Elektrik Mitte und Türen“,21006 „Außenspiegel & Spiegelkomponenten“,10609 Außenspiegel,10609 Außenspiegel,"Parent Part auch 10584-10586, 10602-10605",Spiegelversteller,,
10673,Halter Außenspiegel,SUB,SUB-102,,,3 Karosserie,3 Karosserie,20005 „Karosserie Mitte aussen“,21025 „Karosserie-Befestigungs- & Kleinteile“,10609 Außenspiegel,10609 Außenspiegel,"Parent Part auch 10584-10586, 10602-10605",,,
11070,Kofferraumleuchte,"SUB, PART",SUB-103,PART-001,,3 Karosserie,3 Karosserie,20013 „Beleuchtung / Elektrik hinten“,21000 „Beleuchtung außen“,— (leer),HG3 Karosserie,,Kofferraumbeleuchtung; Grenzfall zur Innenbeleuchtung,,
11084,Nebelscheinwerfersatz,"SUB, PART",SUB-104,PART-047,,3 Karosserie,3 Karosserie,20003 „Beleuchtung / Elektrik vorne“,10240 Nebelscheinwerfer,10240 Nebelscheinwerfer,— (leer),,Satz der Baugruppe Nebelscheinwerfer,,
11215,Teilepaket Front,SUB,SUB-105,,,3 Karosserie,3 Karosserie,20001 „Karosserie vorne Aussen“,21029 „Karosserie-Teilepakete“,— (leer),— (leer),,gemischtes Karosserie-Set Vorderwagen,,
11216,Teilepaket Heck,SUB,SUB-106,,,3 Karosserie,3 Karosserie,20011 „Karosserie hinten aussen“,21029 „Karosserie-Teilepakete“,— (leer),— (leer),,gemischtes Karosserie-Set Heck,,
11224,Heckscheibenrahmen,"SUB, PART",SUB-107,PART-002,,3 Karosserie,3 Karosserie,20014 „Hecktür/ Klappe/ Kofferdeckel“,21013 „Karosserie-Blech- & Außenhautteile“,— (leer),10676 Karosserie,,,,
11233,Frontscheibe,"SUB, PART",SUB-108,PART-002,,3 Karosserie,3 Karosserie,20001 „Karosserie vorne Aussen“,21005 „Fahrzeugverglasung“,— (leer),10676 Karosserie,,in Rohbauöffnung geklebt/eingesetzt,,
11248,Unterfahrschutz,"SUB, PART",SUB-109,PART-001,,3 Karosserie,3 Karosserie,20011 „Karosserie hinten aussen“,21027 „Außenverkleidungen & Abdeckungen“,— (leer),HG3 Karosserie,,"Motorraum-Unterschutz; Grenzfall zu HG1, in Katalogen üblich unter Karosserie",,
11259,Frontschutzbügel,"SUB, PART",SUB-110,PART-001,,3 Karosserie,3 Karosserie,20001 „Karosserie vorne Aussen“,21015 „Schutzbügel & Trittstufen“,— (leer),HG3 Karosserie,,,,
11288,Karosserieboden,"SUB, PART",SUB-111,PART-002,,3 Karosserie,3 Karosserie,20006 „Karosserie Mitte innen“,21013 „Karosserie-Blech- & Außenhautteile“,— (leer),10676 Karosserie,,,,
11320,Tagfahrleuchtensatz,"SUB, PART",SUB-112,PART-023,,3 Karosserie,3 Karosserie,20003 „Beleuchtung / Elektrik vorne“,11315 Tagfahrleuchte,10206 Hauptfernscheinwerfer,— (leer),"Parent part auch 10210,10530, 10531",Satz der Baugruppe Tagfahrleuchte,,
11342,Dichtung für Heckklappe,"SUB, PART",SUB-113,PART-008,,3 Karosserie,3 Karosserie,20014 „Hecktür/ Klappe/ Kofferdeckel“,21021 „Karosseriedichtungen“,— (leer),10347 Heckklappe / Heckdeckel,,,,
11390,Dichtung für Blinkleuchte,SUB,SUB-114,,,3 Karosserie,3 Karosserie,— (leer),21021 „Karosseriedichtungen“,10192 Blinker,10192 Blinker,,,,
11414,Dichtung für Türsicherungsleuchte,SUB,SUB-115,,,3 Karosserie,3 Karosserie,20008 „Beleuchtung / Elektrik Mitte und Türen“,21021 „Karosseriedichtungen“,10355 Tür,10355 Tür,,Türwarnleuchte in der Tür,,
11438,Einfüllstutzen für Kraftstoffbehälter,"HG, SUB, PART",SUB-116,PART-056,HG-003,3 Karosserie,1 Unterboden,20012 „Karosserie hinten innen“,— (leer),— (leer),HG1 Unterboden,,"HG: Bauteil der Kraftstoffanlage (Tank/Leitungen unterflur), kein Karosserieteil",,
11576,Montagesatz für Kotflügel,"SUB, PART",SUB-117,PART-013,,3 Karosserie,3 Karosserie,20001 „Karosserie vorne Aussen“,21025 „Karosserie-Befestigungs- & Kleinteile“,— (leer),10610 Kotflügel,,,,
11642,Schalter für Türverriegelung,"SUB, PART",SUB-118,PART-061,,3 Karosserie,3 Karosserie,20008 „Beleuchtung / Elektrik Mitte und Türen“,21009 „Schließsystem & Fahrzeugzugang“,10355 Tür,10305 Zentralverriegelung,,ZV-Schalter; verbleibt beim Schließsystem,,
11780,Motor Schiebetür,SUB,SUB-119,,,3 Karosserie,3 Karosserie,20008 „Beleuchtung / Elektrik Mitte und Türen“,21008 „Anbau- & Mechanikteile für Türen und Klappen“,10352 Schiebetür,10352 Schiebetür,"Parent part auch 10556,10557",,,
11783,Reserveradhalter,"SUB, PART",SUB-120,PART-001,,3 Karosserie,3 Karosserie,20012 „Karosserie hinten innen“,21020 „Träger- & Transportsysteme“,— (leer),HG3 Karosserie,,vgl. 11324 Ersatzradhalter (Synonym-Dublette),,
11848,Trennwand,"SUB, PART",SUB-121,PART-001,,3 Karosserie,3 Karosserie,20006 „Karosserie Mitte innen“,21026 „Nutzfahrzeug-Aufbauten & Anbaugeräte“,— (leer),HG3 Karosserie,,Laderaumtrennwand (Kastenwagen),,
11865,Antrieb Kofferraumabdeckung,"HG, SUB, PART",SUB-122,PART-019,HG-006,3 Karosserie,4 Innenraum,20011 „Karosserie hinten aussen“,— (leer),— (leer),HG4 Innenraum,,HG: Laderaumabdeckung ist Innenausstattung; Antrieb entsprechend Innenraum,,
11882,Einstiegleistenset,SUB,SUB-123,,,3 Karosserie,3 Karosserie,20005 „Karosserie Mitte aussen“,11883 Einstiegleiste,— (leer),— (leer),,Satz der Baugruppe Einstiegleiste,,
11936,HV-Ladeanschluss,"SUB, PART",SUB-124,PART-001,,3 Karosserie,3 Karosserie,20023 „HV Komponenten“,21028 „Karosserie-Elektrik & Sensorik außen“,— (leer),HG3 Karosserie,,Ladeanschluss in Karosserieöffnung (analog Tankklappe); HV-Komponente,,
12066,Verdeckschloss,"SUB, PART",SUB-125,PART-009,,3 Karosserie,3 Karosserie,20005 „Karosserie Mitte aussen“,21009 „Schließsystem & Fahrzeugzugang“,10340 Dach Cabrio,10344 Faltdach,,,,
12070,Heckklappenleiste,SUB,SUB-126,,,3 Karosserie,3 Karosserie,20014 „Hecktür/ Klappe/ Kofferdeckel“,"21016 „Zier- & Schutzleisten, Blenden, Embleme“",10347 Heckklappe / Heckdeckel,10347 Heckklappe / Heckdeckel,"Parent Prt auch 10554,10555",,,
12071,Motor Heckspoiler,"SUB, PART",SUB-127,PART-064,,3 Karosserie,3 Karosserie,20013 „Beleuchtung / Elektrik hinten“,21018 „Aerodynamik-Anbauteile“,— (leer),10388 Spoiler,,Aktuator für ausfahrbaren Spoiler,,
12074,Blende Heckleuchte,"SUB, PART",SUB-128,PART-010,,3 Karosserie,3 Karosserie,20013 „Beleuchtung / Elektrik hinten“,"21016 „Zier- & Schutzleisten, Blenden, Embleme“",10859 Heckleuchtensatz,10260 Rückleuchte,,,,
12077,Motor Ausstellfenster,"SUB, PART",SUB-129,PART-065,,3 Karosserie,3 Karosserie,20012 „Karosserie hinten innen“,21010 „Fensterheber & Scheibenbetätigung“,— (leer),10339 Ausstellscheibe,,,,
12167,Dachfenster,"SUB, PART",SUB-130,PART-066,,3 Karosserie,3 Karosserie,20005 „Karosserie Mitte aussen“,21005 „Fahrzeugverglasung“,— (leer),21019 „Dach- & Verdecksysteme“,,feststehendes Glasdachelement,,
11309,Abdeckung,A-LEER,,,,3 Karosserie,3 Karosserie,— (leer),21027 „Außenverkleidungen & Abdeckungen“,— (leer),— (leer),,unspezifische Abdeckung; keine eindeutige Baugruppe zuordenbar,,
10358,Abdeckung Abschlepphaken,A-LEER,,,,3 Karosserie,3 Karosserie,— (leer),21027 „Außenverkleidungen & Abdeckungen“,— (leer),10611 Stoßstange,,Kappe der Abschleppöse im Stoßfänger,,
12095,Abgasrohr Heizgerät,"A-LEER, HG",,,HG-008,2 Motorraum,1 Unterboden,— (leer),— (leer),— (leer),HG1 Unterboden,HG: Standheizung,"HG: Abgasführung der Standheizung unterflur; funktional Abgasanlage, kein Karosserieteil",,
10360,Abschleppöse,A-LEER,,,,3 Karosserie,3 Karosserie,— (leer),21025 „Karosserie-Befestigungs- & Kleinteile“,— (leer),HG3 Karosserie,,"einschraubbare Öse, Aufnahme im Stoßfängerbereich",,
11356,Anschlagpuffer für Fahrerhaus,A-LEER,,,,3 Karosserie,3 Karosserie,— (leer),21026 „Nutzfahrzeug-Aufbauten & Anbaugeräte“,— (leer),HG3 Karosserie,,Fahrerhauslagerung Nfz,,
10191,Antenne elektrisch,A-LEER,,,,3 Karosserie,3 Karosserie,— (leer),21023 „Antennen & Empfangstechnik“,— (leer),HG3 Karosserie,,,,
11361,Antennenkopf,A-LEER,,,,3 Karosserie,3 Karosserie,— (leer),21023 „Antennen & Empfangstechnik“,— (leer),— (leer),,zugehörige Antenne nicht spezifiziert,,
11790,Antennenverstärker,A-LEER,,,,3 Karosserie,3 Karosserie,— (leer),21023 „Antennen & Empfangstechnik“,— (leer),— (leer),,Einbauort fahrzeugabhängig (Scheibe/Dach),,
10338,Auspuffblende,"A-LEER, HG",,,HG-004,1 Unterboden,3 Karosserie,— (leer),"21016 „Zier- & Schutzleisten, Blenden, Embleme“",— (leer),HG3 Karosserie,HG: Gehört zu Auspuffanlage,kosmetische Endrohrblende; als Zierteil außen belassen,,
11366,Be-/Entlüftungsventil für Kraftstoffbehälter,"A-LEER, HG",,,HG-003,3 Karosserie,1 Unterboden,— (leer),— (leer),— (leer),HG1 Unterboden,,"HG: Bauteil der Kraftstoffanlage (Tank/Leitungen unterflur), kein Karosserieteil",,
10662,Begrenzungsleuchte,A-LEER,,,,3 Karosserie,3 Karosserie,— (leer),"21003 „Heck-, Blink- & Signalleuchten“",— (leer),HG3 Karosserie,,,,
10014,Behälter Heckwischer,A-LEER,,,,3 Karosserie,3 Karosserie,— (leer),21011 „Wisch- & Waschanlage“,— (leer),— (leer),,Waschwasserbehälter der Heckscheibenwaschanlage,,
12075,Beplankung,A-LEER,,,,3 Karosserie,3 Karosserie,— (leer),21013 „Karosserie-Blech- & Außenhautteile“,— (leer),HG3 Karosserie,,"Anbau-Beplankung (z.B. Seitenwand/Tür), geschraubt/geclipst",,
10192,Blinker,A-LEER,,,,3 Karosserie,3 Karosserie,— (leer),"21003 „Heck-, Blink- & Signalleuchten“",— (leer),HG3 Karosserie,,front- und heckseitig verbaut; unter Signalleuchten geführt,,
11379,Clip für Zier-/Schutzleiste,A-LEER,,,,3 Karosserie,3 Karosserie,— (leer),21025 „Karosserie-Befestigungs- & Kleinteile“,— (leer),10406 Zierleiste,,Befestigungsclip der Zierleiste,,
11425,Domstrebe,"A-LEER, HG",,,HG-005,2 Motorraum,3 Karosserie,— (leer),21014 „Karosserie-Strukturteile & Verstärkungen“,— (leer),10676 Karosserie,HG: Verbidet Federbeine im Motorraum,Federbeindom-Verstrebung,,
11945,Doppelrohrbügel,A-LEER,,,,3 Karosserie,3 Karosserie,— (leer),21015 „Schutzbügel & Trittstufen“,— (leer),HG3 Karosserie,,,,
10343,Dreieckscheibe,A-LEER,,,,3 Karosserie,3 Karosserie,— (leer),21005 „Fahrzeugverglasung“,— (leer),— (leer),,feststehendes Dreiecksfenster,,
11883,Einstiegleiste,A-LEER,,,,3 Karosserie,3 Karosserie,— (leer),"21016 „Zier- & Schutzleisten, Blenden, Embleme“",— (leer),HG3 Karosserie,,Zierleiste im Schwellerbereich,,
10497,Emblem,A-LEER,,,,3 Karosserie,3 Karosserie,— (leer),"21016 „Zier- & Schutzleisten, Blenden, Embleme“",— (leer),HG3 Karosserie,,,,
11466,Führungsarm für Scheibenreinigung,A-LEER,,,,3 Karosserie,3 Karosserie,— (leer),21011 „Wisch- & Waschanlage“,— (leer),— (leer),,,,
10374,Gepäckträger,A-LEER,,,,3 Karosserie,3 Karosserie,— (leer),21020 „Träger- & Transportsysteme“,— (leer),HG3 Karosserie,,,,
11310,Gitter,A-LEER,,,,3 Karosserie,3 Karosserie,— (leer),"21017 „Kühlergrill, Gitter & Luftführungen“",— (leer),— (leer),,unspezifisches Gitter (Luftführung/Front),,
12068,Halter,A-LEER,,,,3 Karosserie,3 Karosserie,— (leer),21025 „Karosserie-Befestigungs- & Kleinteile“,— (leer),— (leer),,unspezifischer Halter,,
11290,"Halterahmen, Scheibenreinigungsanlage",A-LEER,,,,3 Karosserie,3 Karosserie,— (leer),21011 „Wisch- & Waschanlage“,— (leer),— (leer),,,,
11515,Kappe für Wischarm,A-LEER,,,,3 Karosserie,3 Karosserie,— (leer),21011 „Wisch- & Waschanlage“,— (leer),10181 Wischerarm,,,,
10676,Karosserie,A-LEER,,,,3 Karosserie,3 Karosserie,— (leer),HG3 Karosserie,— (leer),— (leer),,Gesamtkarosserie/Rohbau; direktes Kind der Hauptgruppe,,
10065,Kennzeichenverstärkung,A-LEER,,,,3 Karosserie,3 Karosserie,— (leer),21025 „Karosserie-Befestigungs- & Kleinteile“,— (leer),HG3 Karosserie,,Kennzeichenunterlage/-halter,,
11528,Kondenswasserablaufschlauch für Innenraumluftfiltergehäuse,"A-LEER, HG",,,HG-002,4 Innenraum,3 Karosserie,— (leer),"21017 „Kühlergrill, Gitter & Luftführungen“",— (leer),HG3 Karosserie,HG: Klimaanlage,Wasserablauf im Wasserkasten-/Filterbereich; karosserienah belassen,,
11535,Kupplungspedal,A-LEER,,,,4 Innenraum,4 Innenraum,— (leer),— (leer),— (leer),HG4 Innenraum,HG: Alle anderen Pedale sind den Innenraum zugeordnet,"HG: Pedalerie ist Bedienelement im Innenraum, kein Karosserieteil",,
11319,Kühlergittereinsatz,A-LEER,,,,3 Karosserie,3 Karosserie,— (leer),"21017 „Kühlergrill, Gitter & Luftführungen“",— (leer),10379 Kühlergrill,,,,
11303,Leuchtenaufnahme,A-LEER,,,,3 Karosserie,3 Karosserie,— (leer),21004 „Leuchten-Anbau- & Ersatzkomponenten“,— (leer),HG3 Karosserie,,"karosserieseitige Aufnahme, Leuchte unspezifisch",,
11560,Lichtscheibe für Seitenmarkierungsleuchte,A-LEER,,,,3 Karosserie,3 Karosserie,— (leer),21004 „Leuchten-Anbau- & Ersatzkomponenten“,— (leer),11662 Seitenmarkierungsleuchte,,,,
12056,Markise,A-LEER,,,,3 Karosserie,3 Karosserie,— (leer),21026 „Nutzfahrzeug-Aufbauten & Anbaugeräte“,— (leer),HG3 Karosserie,,Anbau-Markise (Reisemobil),,
12078,Motor Drallklappen,"A-LEER, HG",,,HG-007,3 Karosserie,2 Motorraum,— (leer),— (leer),— (leer),HG2 Motorraum,,"HG: Stellmotor der Drallklappen im Ansaugtrakt; Motorperipherie, kein Karosserieteil",,
10247,Parkleuchte,A-LEER,,,,3 Karosserie,3 Karosserie,— (leer),"21003 „Heck-, Blink- & Signalleuchten“",— (leer),HG3 Karosserie,,Parklicht; front-/heckseitig,,
11878,Radarsensor,A-LEER,,,,3 Karosserie,3 Karosserie,— (leer),21028 „Karosserie-Elektrik & Sensorik außen“,— (leer),HG3 Karosserie,,"Fahrerassistenz-Sensor, Einbau Front-/Stoßfängerbereich",,
12060,Rahmenspitze,A-LEER,,,,3 Karosserie,3 Karosserie,— (leer),21014 „Karosserie-Strukturteile & Verstärkungen“,— (leer),10676 Karosserie,,vorderes Längsträgerende,,
11635,Schalter für Allradantrieb,A-LEER,,,,4 Innenraum,4 Innenraum,— (leer),— (leer),— (leer),HG4 Innenraum,HG: Bereich M-Konsole,"HG: Elektrischer Schalter/Bedienelement im Innenraum, kein Karosserieteil",,
11637,Schalter für Fahrstufe,A-LEER,,,,4 Innenraum,4 Innenraum,— (leer),— (leer),— (leer),HG4 Innenraum,HG: Automatik,"HG: Elektrischer Schalter/Bedienelement im Innenraum, kein Karosserieteil",,
11639,Schalter für Hupe,A-LEER,,,,4 Innenraum,4 Innenraum,— (leer),— (leer),— (leer),HG4 Innenraum,HG: Am Lenkrad,"HG: Elektrischer Schalter/Bedienelement im Innenraum, kein Karosserieteil",,
11640,Schalter für Kupplungsbetätigung,A-LEER,,,,4 Innenraum,4 Innenraum,— (leer),— (leer),— (leer),HG4 Innenraum,HG: Am Kupplungspedal,"HG: Elektrischer Schalter/Bedienelement im Innenraum, kein Karosserieteil | Kupplungsschalter an der Pedalerie",,
11641,Schalter für Scheibenwischerintervall,A-LEER,,,,4 Innenraum,4 Innenraum,— (leer),— (leer),— (leer),HG4 Innenraum,HG: Am Lenrad,"HG: Elektrischer Schalter/Bedienelement im Innenraum, kein Karosserieteil | Lenkstockschalter",,
10137,Schließzylinder,A-LEER,,,,3 Karosserie,3 Karosserie,— (leer),21009 „Schließsystem & Fahrzeugzugang“,— (leer),— (leer),,generischer Schließzylinder,,
11823,Schließzylinder Alarmanlage,A-LEER,,,,3 Karosserie,3 Karosserie,— (leer),10137 Schließzylinder,— (leer),— (leer),,Zylinder für Alarmanlagenschloss,,
10140,Schließzylinder Satz,A-LEER,,,,3 Karosserie,3 Karosserie,— (leer),10137 Schließzylinder,— (leer),— (leer),,Satz gleichschließender Zylinder,,
10903,Schließzylinder für Zündschloß,"A-LEER, HG",,,HG-002,4 Innenraum,3 Karosserie,— (leer),10137 Schließzylinder,— (leer),— (leer),HG: Gehört zum Lenkschloss,Teil der Fahrzeug-Schließanlage; Einbau Lenksäule,,
11650,Schlosssatz für Schließanlage,A-LEER,,,,3 Karosserie,3 Karosserie,— (leer),21009 „Schließsystem & Fahrzeugzugang“,— (leer),— (leer),,Satz,,
10520,Schneeketten,A-LEER,,,,1 Unterboden,1 Unterboden,— (leer),21024 „Räder & Bereifung“,— (leer),— (leer),,"HG: Rad/Reifen ist Fahrwerksteil, kein Karosserieteil; Zuordnung zu Unterboden (Achsen/Fahrwerk) | Radzubehör",,
11662,Seitenmarkierungsleuchte,A-LEER,,,,3 Karosserie,3 Karosserie,— (leer),"21003 „Heck-, Blink- & Signalleuchten“",— (leer),HG3 Karosserie,,,,
10812,Sensor für Außentemperatur,A-LEER,,,,3 Karosserie,3 Karosserie,— (leer),21028 „Karosserie-Elektrik & Sensorik außen“,— (leer),HG3 Karosserie,,Einbau Frontbereich/Spiegel,,
10845,Sensor für Außentemperatur,A-LEER,,,,3 Karosserie,3 Karosserie,— (leer),21028 „Karosserie-Elektrik & Sensorik außen“,— (leer),HG3 Karosserie,,Dublette zu 10812; identisch behandelt,,
12171,Solarpanel,A-LEER,,,,3 Karosserie,3 Karosserie,— (leer),21026 „Nutzfahrzeug-Aufbauten & Anbaugeräte“,— (leer),HG3 Karosserie,,Aufdach-Solarmodul (Reisemobil),,
10151,Spiegelglas,A-LEER,,,,3 Karosserie,3 Karosserie,— (leer),21006 „Außenspiegel & Spiegelkomponenten“,— (leer),10609 Außenspiegel,,,,
10388,Spoiler,A-LEER,,,,3 Karosserie,3 Karosserie,— (leer),21018 „Aerodynamik-Anbauteile“,— (leer),HG3 Karosserie,,,,
11684,Spurverbreiterung,"A-LEER, HG",,,HG-003,3 Karosserie,1 Unterboden,— (leer),21024 „Räder & Bereifung“,— (leer),— (leer),,"HG: Rad/Reifen ist Fahrwerksteil, kein Karosserieteil; Zuordnung zu Unterboden (Achsen/Fahrwerk) | Distanzscheiben",,
10389,Steinschlagschutz,A-LEER,,,,3 Karosserie,3 Karosserie,— (leer),"21016 „Zier- & Schutzleisten, Blenden, Embleme“",— (leer),HG3 Karosserie,,Schutzfolie/-leiste,,
10152,Stellelement für Zentralverriegelung,A-LEER,,,,3 Karosserie,3 Karosserie,— (leer),21009 „Schließsystem & Fahrzeugzugang“,— (leer),10305 Zentralverriegelung,,,,
11246,Tankentlüftungsventil,"A-LEER, HG",,,HG-003,3 Karosserie,1 Unterboden,— (leer),— (leer),— (leer),HG1 Unterboden,,"HG: Bauteil der Kraftstoffanlage (Tank/Leitungen unterflur), kein Karosserieteil",,
11958,Teilepaket Karosserie,A-LEER,,,,3 Karosserie,3 Karosserie,— (leer),21029 „Karosserie-Teilepakete“,— (leer),— (leer),,gemischtes Karosserie-Set,,
10294,Temperaturfühler,A-LEER,,,,3 Karosserie,3 Karosserie,— (leer),21028 „Karosserie-Elektrik & Sensorik außen“,— (leer),HG3 Karosserie,,als Außentemperaturfühler interpretiert,,
10678,Trittbrett,A-LEER,,,,3 Karosserie,3 Karosserie,— (leer),21015 „Schutzbügel & Trittstufen“,— (leer),HG3 Karosserie,,,,
12174,Trittstufe,A-LEER,,,,3 Karosserie,3 Karosserie,— (leer),21015 „Schutzbügel & Trittstufen“,— (leer),HG3 Karosserie,,,,
10677,Umrißleuchte,A-LEER,,,,3 Karosserie,3 Karosserie,— (leer),"21003 „Heck-, Blink- & Signalleuchten“",— (leer),HG3 Karosserie,,Nfz-Umrissleuchte,,
11725,Verbindungsrohr für Heizungskanal,"A-LEER, HG",,,HG-002,4 Innenraum,3 Karosserie,— (leer),"21017 „Kühlergrill, Gitter & Luftführungen“",— (leer),10676 Karosserie,HG: Heizung,karosserieintegrierte Heizluftführung,,
11148,Verriegelungsknopf,A-LEER,,,,3 Karosserie,3 Karosserie,— (leer),21009 „Schließsystem & Fahrzeugzugang“,— (leer),10355 Tür,,Türsicherungsknopf,,
10179,Vorderwand,A-LEER,,,,3 Karosserie,3 Karosserie,— (leer),21013 „Karosserie-Blech- & Außenhautteile“,— (leer),10676 Karosserie,,,,
11738,Warmluftkanal,"A-LEER, HG",,,HG-002,4 Innenraum,3 Karosserie,— (leer),"21017 „Kühlergrill, Gitter & Luftführungen“",— (leer),10676 Karosserie,HG: Heizung,karosserieintegrierte Heizluftführung,,
10764,Waschwasserdüse für Scheibenreinigung,A-LEER,,,,3 Karosserie,3 Karosserie,— (leer),21011 „Wisch- & Waschanlage“,— (leer),— (leer),,,,
10181,Wischerarm,A-LEER,,,,3 Karosserie,3 Karosserie,— (leer),21011 „Wisch- & Waschanlage“,— (leer),— (leer),,,,
10528,Wischerblatt,A-LEER,,,,3 Karosserie,3 Karosserie,— (leer),21011 „Wisch- & Waschanlage“,— (leer),10181 Wischerarm,,,,
10622,Wischergestänge,A-LEER,,,,3 Karosserie,3 Karosserie,— (leer),21011 „Wisch- & Waschanlage“,— (leer),— (leer),,,,
10182,Wischergetriebe,A-LEER,,,,3 Karosserie,3 Karosserie,— (leer),21011 „Wisch- & Waschanlage“,— (leer),— (leer),,,,
11742,Wischerlager,A-LEER,,,,3 Karosserie,3 Karosserie,— (leer),21011 „Wisch- & Waschanlage“,— (leer),— (leer),,,,
10303,Wischermotor,A-LEER,,,,3 Karosserie,3 Karosserie,— (leer),21011 „Wisch- & Waschanlage“,— (leer),— (leer),,,,
10305,Zentralverriegelung,A-LEER,,,,3 Karosserie,3 Karosserie,— (leer),21009 „Schließsystem & Fahrzeugzugang“,— (leer),HG3 Karosserie,,fahrzeugweites ZV-System,,
10406,Zierleiste,A-LEER,,,,3 Karosserie,3 Karosserie,— (leer),"21016 „Zier- & Schutzleisten, Blenden, Embleme“",— (leer),HG3 Karosserie,,,,
