embedder,lora,verbalization_A,template_B,B_lever,dataset,subclass_R20,superclass_R20,pooled_R20,subclass_R10,superclass_R10
llama-embed-nemotron-8b,off,path_context,T1,default,g1-web,1.0,0.8846,0.1485,0.9655,0.8077
llama-embed-nemotron-8b,off,path_context,T1,default,g2-diseases,1.0,0.9091,0.1045,1.0,0.9091
llama-embed-nemotron-8b,off,path_context,T1,default,g3-text,0.6753,0.0861,0.374,0.5718,0.0524
llama-embed-nemotron-8b,off,path_context,T1,default,g5-groceries,0.6429,0.2566,0.1859,0.5714,0.2035
llama-embed-nemotron-8b,off,path_context,T1,default,g7-literature,0.5556,0.2692,0.2073,0.4444,0.2115
llama-embed-nemotron-8b,off,path_context,T1,default,mouse-human,0.4807,0.4967,0.2619,0.4257,0.4118
llama-embed-nemotron-8b,off,path_context,T2,sub_b_pin,g1-web,0.9655,0.8462,0.1424,0.9655,0.7308
llama-embed-nemotron-8b,off,path_context,T2,sub_b_pin,g2-diseases,0.963,0.9091,0.0989,0.9259,0.9091
llama-embed-nemotron-8b,off,path_context,T2,sub_b_pin,g3-text,0.6706,0.0637,0.3622,0.5224,0.0262
llama-embed-nemotron-8b,off,path_context,T2,sub_b_pin,g5-groceries,0.6429,0.2478,0.1667,0.5714,0.1681
llama-embed-nemotron-8b,off,path_context,T2,sub_b_pin,g7-literature,0.3333,0.2885,0.1341,0.2222,0.1346
llama-embed-nemotron-8b,off,path_context,T2,sub_b_pin,mouse-human,0.4716,0.4788,0.2504,0.4165,0.3971
llama-embed-nemotron-8b,off,turtle,T1,default,g1-web,1.0,0.9231,0.1515,0.9655,0.8462
llama-embed-nemotron-8b,off,turtle,T1,default,g2-diseases,0.963,0.9091,0.1017,0.8519,0.9091
llama-embed-nemotron-8b,off,turtle,T1,default,g3-text,0.8071,0.3221,0.4291,0.6071,0.221
llama-embed-nemotron-8b,off,turtle,T1,default,g5-groceries,0.5,0.2655,0.0897,0.2857,0.1239
llama-embed-nemotron-8b,off,turtle,T1,default,g7-literature,0.7222,0.5769,0.2683,0.6111,0.3269
llama-embed-nemotron-8b,off,turtle,T1,default,mouse-human,0.5284,0.4134,0.2286,0.4349,0.3252
llama-embed-nemotron-8b,off,turtle,T2,sub_b_pin,g1-web,1.0,0.9615,0.1545,1.0,0.8846
llama-embed-nemotron-8b,off,turtle,T2,sub_b_pin,g2-diseases,1.0,0.9091,0.1017,0.963,0.9091
llama-embed-nemotron-8b,off,turtle,T2,sub_b_pin,g3-text,0.8588,0.2809,0.4698,0.6988,0.1798
llama-embed-nemotron-8b,off,turtle,T2,sub_b_pin,g5-groceries,0.6429,0.2389,0.1154,0.2143,0.1416
llama-embed-nemotron-8b,off,turtle,T2,sub_b_pin,g7-literature,0.6667,0.4808,0.2317,0.5,0.2692
llama-embed-nemotron-8b,off,turtle,T2,sub_b_pin,mouse-human,0.5817,0.4608,0.2526,0.4807,0.3513
llama-embed-nemotron-8b,on,path_context,T1,default,g1-web,1.0,0.8846,0.1485,0.9655,0.8846
llama-embed-nemotron-8b,on,path_context,T1,default,g2-diseases,0.963,1.0,0.1017,0.9259,1.0
llama-embed-nemotron-8b,on,path_context,T1,default,g3-text,0.9035,0.3333,0.5328,0.7788,0.2322
llama-embed-nemotron-8b,on,path_context,T1,default,g5-groceries,1.0,0.5487,0.4038,0.8571,0.4071
llama-embed-nemotron-8b,on,path_context,T1,default,g7-literature,0.8333,0.7885,0.5976,0.7778,0.6154
llama-embed-nemotron-8b,on,path_context,T1,default,mouse-human,0.8624,0.5196,0.3481,0.7633,0.3954
llama-embed-nemotron-8b,on,path_context,T2,sub_b_pin,g1-web,1.0,0.8462,0.1455,0.9655,0.8462
llama-embed-nemotron-8b,on,path_context,T2,sub_b_pin,g2-diseases,0.9259,1.0,0.096,0.8519,1.0
llama-embed-nemotron-8b,on,path_context,T2,sub_b_pin,g3-text,0.9106,0.3296,0.5328,0.7976,0.2172
llama-embed-nemotron-8b,on,path_context,T2,sub_b_pin,g5-groceries,1.0,0.5487,0.4167,0.8571,0.3805
llama-embed-nemotron-8b,on,path_context,T2,sub_b_pin,g7-literature,0.7222,0.6346,0.4024,0.5556,0.5
llama-embed-nemotron-8b,on,path_context,T2,sub_b_pin,mouse-human,0.8128,0.5196,0.3361,0.7028,0.3971
llama-embed-nemotron-8b,on,turtle,T1,default,g1-web,1.0,0.8846,0.1515,0.9655,0.8462
llama-embed-nemotron-8b,on,turtle,T1,default,g2-diseases,1.0,1.0,0.1045,1.0,0.9091
llama-embed-nemotron-8b,on,turtle,T1,default,g3-text,0.9506,0.4307,0.6142,0.8494,0.3333
llama-embed-nemotron-8b,on,turtle,T1,default,g5-groceries,0.7143,0.469,0.2949,0.5,0.2478
llama-embed-nemotron-8b,on,turtle,T1,default,g7-literature,0.8333,0.6346,0.439,0.8333,0.4423
llama-embed-nemotron-8b,on,turtle,T1,default,mouse-human,0.7945,0.5049,0.3475,0.6844,0.4101
llama-embed-nemotron-8b,on,turtle,T2,sub_b_pin,g1-web,1.0,0.8462,0.1515,0.9655,0.8462
llama-embed-nemotron-8b,on,turtle,T2,sub_b_pin,g2-diseases,1.0,1.0,0.1045,0.963,0.9091
llama-embed-nemotron-8b,on,turtle,T2,sub_b_pin,g3-text,0.9671,0.427,0.6234,0.8988,0.3034
llama-embed-nemotron-8b,on,turtle,T2,sub_b_pin,g5-groceries,0.7143,0.6283,0.4295,0.7143,0.4336
llama-embed-nemotron-8b,on,turtle,T2,sub_b_pin,g7-literature,0.8333,0.7115,0.4512,0.8333,0.4808
llama-embed-nemotron-8b,on,turtle,T2,sub_b_pin,mouse-human,0.7982,0.5098,0.3344,0.6936,0.4069
qwen3-embedding-8b,off,path_context,T1,default,g1-web,1.0,0.8846,0.1576,1.0,0.8462
qwen3-embedding-8b,off,path_context,T1,default,g2-diseases,0.6667,1.0,0.0763,0.5926,0.9091
qwen3-embedding-8b,off,path_context,T1,default,g3-text,0.8729,0.4906,0.5236,0.6118,0.3333
qwen3-embedding-8b,off,path_context,T1,default,g5-groceries,0.7143,0.6106,0.3654,0.6429,0.4779
qwen3-embedding-8b,off,path_context,T1,default,g7-literature,0.8889,0.9808,0.561,0.8333,0.6731
qwen3-embedding-8b,off,path_context,T1,default,mouse-human,0.8826,0.5196,0.3524,0.7908,0.4363
qwen3-embedding-8b,off,path_context,T2,sub_b_pin,g1-web,1.0,0.9231,0.1545,1.0,0.8462
qwen3-embedding-8b,off,path_context,T2,sub_b_pin,g2-diseases,0.7407,0.9091,0.0791,0.7037,0.9091
qwen3-embedding-8b,off,path_context,T2,sub_b_pin,g3-text,0.9459,0.4906,0.6339,0.7482,0.3408
qwen3-embedding-8b,off,path_context,T2,sub_b_pin,g5-groceries,0.6429,0.6283,0.2949,0.6429,0.4513
qwen3-embedding-8b,off,path_context,T2,sub_b_pin,g7-literature,0.8889,0.9808,0.5976,0.8333,0.6923
qwen3-embedding-8b,off,path_context,T2,sub_b_pin,mouse-human,0.8771,0.5294,0.3486,0.7615,0.4526
qwen3-embedding-8b,off,turtle,T1,default,g1-web,1.0,0.9615,0.1545,1.0,0.8846
qwen3-embedding-8b,off,turtle,T1,default,g2-diseases,0.8519,1.0,0.0932,0.8148,1.0
qwen3-embedding-8b,off,turtle,T1,default,g3-text,0.84,0.4682,0.5459,0.6635,0.3333
qwen3-embedding-8b,off,turtle,T1,default,g5-groceries,0.7857,0.6283,0.4808,0.6429,0.4513
qwen3-embedding-8b,off,turtle,T1,default,g7-literature,0.8333,0.9615,0.6341,0.8333,0.7885
qwen3-embedding-8b,off,turtle,T1,default,mouse-human,0.7798,0.5474,0.335,0.6991,0.4461
qwen3-embedding-8b,off,turtle,T2,sub_b_pin,g1-web,0.9655,0.9231,0.1515,0.9655,0.9231
qwen3-embedding-8b,off,turtle,T2,sub_b_pin,g2-diseases,0.963,1.0,0.0989,0.7778,0.8182
qwen3-embedding-8b,off,turtle,T2,sub_b_pin,g3-text,0.8565,0.4607,0.5525,0.6847,0.3371
qwen3-embedding-8b,off,turtle,T2,sub_b_pin,g5-groceries,0.6429,0.6283,0.359,0.5714,0.4336
qwen3-embedding-8b,off,turtle,T2,sub_b_pin,g7-literature,0.8333,0.9615,0.5244,0.8333,0.7692
qwen3-embedding-8b,off,turtle,T2,sub_b_pin,mouse-human,0.8092,0.5621,0.3562,0.7431,0.4624
qwen3-embedding-8b,on,path_context,T1,default,g1-web,0.5172,0.9231,0.0939,0.4828,0.8846
qwen3-embedding-8b,on,path_context,T1,default,g2-diseases,0.7407,1.0,0.0791,0.5926,0.9091
qwen3-embedding-8b,on,path_context,T1,default,g3-text,0.8447,0.5056,0.5551,0.6776,0.3708
qwen3-embedding-8b,on,path_context,T1,default,g5-groceries,0.9286,0.6018,0.4487,0.7857,0.4513
qwen3-embedding-8b,on,path_context,T1,default,g7-literature,0.8889,0.9808,0.7439,0.8333,0.7308
qwen3-embedding-8b,on,path_context,T1,default,mouse-human,0.8477,0.4526,0.2968,0.7303,0.3546
qwen3-embedding-8b,on,path_context,T2,sub_b_pin,g1-web,0.7241,0.9615,0.1061,0.6552,0.9615
qwen3-embedding-8b,on,path_context,T2,sub_b_pin,g2-diseases,0.8148,0.8182,0.0706,0.6667,0.8182
qwen3-embedding-8b,on,path_context,T2,sub_b_pin,g3-text,0.8753,0.5131,0.5958,0.7624,0.367
qwen3-embedding-8b,on,path_context,T2,sub_b_pin,g5-groceries,0.9286,0.5752,0.4423,0.7857,0.4602
qwen3-embedding-8b,on,path_context,T2,sub_b_pin,g7-literature,0.8889,0.9808,0.7683,0.8333,0.75
qwen3-embedding-8b,on,path_context,T2,sub_b_pin,mouse-human,0.8789,0.4314,0.3121,0.7817,0.3448
qwen3-embedding-8b,on,turtle,T1,default,g1-web,0.931,0.9231,0.1424,0.8966,0.8846
qwen3-embedding-8b,on,turtle,T1,default,g2-diseases,0.3333,0.9091,0.0395,0.2593,0.8182
qwen3-embedding-8b,on,turtle,T1,default,g3-text,0.9106,0.4869,0.6076,0.8212,0.3408
qwen3-embedding-8b,on,turtle,T1,default,g5-groceries,0.7143,0.6195,0.4423,0.3571,0.4779
qwen3-embedding-8b,on,turtle,T1,default,g7-literature,0.7778,0.8654,0.5244,0.6111,0.5962
qwen3-embedding-8b,on,turtle,T1,default,mouse-human,0.7413,0.5703,0.3442,0.6257,0.4412
qwen3-embedding-8b,on,turtle,T2,sub_b_pin,g1-web,0.931,0.8846,0.1394,0.8966,0.8846
qwen3-embedding-8b,on,turtle,T2,sub_b_pin,g2-diseases,0.5185,0.8182,0.0537,0.3704,0.8182
qwen3-embedding-8b,on,turtle,T2,sub_b_pin,g3-text,0.8988,0.5094,0.626,0.8024,0.367
qwen3-embedding-8b,on,turtle,T2,sub_b_pin,g5-groceries,0.6429,0.646,0.4295,0.2857,0.4867
qwen3-embedding-8b,on,turtle,T2,sub_b_pin,g7-literature,0.9444,0.9615,0.622,0.8333,0.7308
qwen3-embedding-8b,on,turtle,T2,sub_b_pin,mouse-human,0.8514,0.5408,0.3502,0.7596,0.4003
